msrc_transactionid,msrc_customerid,msrc_transactionsessionid,msrc_productcatalogid,msrc_transactionlocationid,msrc_transactionchanneltype,msrc_transactiontimestamp,msrc_transactiontype,msrc_paymenttype,msrc_transactionamount,msrc_discountappliedamount,msrc_ontimedelivery,msrc_customerscorereview
bb3fd3c9-ca83-4da5-bb7b-351e49c4e25e,cb988669-e2d8-48ff-bbe5-a60773e6a7f5,0013d170-ff92-44d0-9f5f-12acf8f2f455,81ed874b-f763-4143-aa36-602ad6628068,b1211fbc-fea3-4d61-b2fb-3965014a70bb,Digital,6/1/2021 0:12,Exchange,Mobile/digital/cashless,4.68149788,0,Delayed,FALSE
d6d98379-b118-493f-b432-05402eb7e787,a0c4eb53-639d-4eab-ae55-3d6761a5f59f,58c20dbc-5b60-4237-b4ad-5a5138006694,d6ae1f1e-c772-419a-ae47-76470835aed8,baa6cdde-e13b-4284-b9ed-c1e37a4eabb3,Physical,6/1/2021 0:56,Exchange,Credit card,26.318923882,1.490978442,Delayed,FALSE
009f1dc2-213c-4d73-a90b-cdc5dd9aa015,bbdb10e6-218a-47ea-9dfc-89116cd9358a,12fa98e7-2a32-4815-b2a2-fe36ae5c91bf,217d17ca-a715-4937-b96c-471c8412caab,22b5163e-1e78-47a3-bdeb-90d97d5cfa64,Digital,6/1/2021 10:31,Purchase,Cash,25.778745731,6.277107115,On-time,TRUE
199aca03-e763-48f4-829c-33570f37ea36,846ac517-2a0d-4af6-98bd-d9674a9970dd,5e44f683-a776-48cc-bbd7-0063b49d6413,b07213f3-e39f-4a6e-a94b-55e407f30491,bee5ad7a-5d17-4635-a720-563266fafd85,Digital,6/1/2021 13:23,Purchase,Cash,3.941679493,0,On-time,FALSE
59a2a417-da0e-49d5-b4d3-465276b7d984,9583d68a-6333-49de-b7a5-f598146a62a2,4e947e56-6d6a-4867-9631-48e2b92f3d85,b07213f3-e39f-4a6e-a94b-55e407f30491,22b5163e-1e78-47a3-bdeb-90d97d5cfa64,Digital,6/1/2021 13:27,Purchase,Mobile/digital/cashless,17.352790723,0,On-time,FALSE
1d77ed67-4e3b-4011-8b58-163b66208099,ac4b423d-995a-44e2-8ffe-328442bf97e5,171de8ce-a80f-4d56-8f23-45c5b4829635,9dc9d36e-5b57-49ff-8c43-067a4fb6ac43,bee5ad7a-5d17-4635-a720-563266fafd85,Digital,6/1/2021 13:39,Purchase,Credit card,40.718145495,4.609634658,On-time,FALSE
3cb2c67c-cbf6-493d-b727-9a8539145360,9b64841e-3493-4bab-a657-236a3e0e21f9,215f3599-b7ac-4283-abd3-1908620afe34,33228d36-309b-4f86-b3e6-41717a6849d0,22b5163e-1e78-47a3-bdeb-90d97d5cfa64,Physical,6/1/2021 14:24,Purchase,Cash,17.180914969,0.404933695,On-time,FALSE
a01b777b-4bac-45e7-a5a2-8a8e552c21dc,cc150d14-7afc-4c59-895a-e3e9e93b07f0,3fde285c-e431-4a64-8be3-417fec3ed3aa,133cabbc-7982-4ddd-be15-3953a70ed670,bee5ad7a-5d17-4635-a720-563266fafd85,Digital,6/1/2021 21:13,Purchase,Mobile/digital/cashless,39.094717274,0,On-time,TRUE
7bd9b237-b4f5-4aae-999c-555c5e13a710,f586b45c-cc91-4ccc-9130-5ccf186ba501,1ee1aa23-27fb-4ef1-b4b6-eea3549bf5dc,8d752691-8123-469b-9d93-3b69f479fd3f,22b5163e-1e78-47a3-bdeb-90d97d5cfa64,Digital,6/1/2021 21:40,Purchase,Debit,8.294330233,1.932275037,On-time,FALSE
82361400-caf4-4bf9-91ce-fe58d291fea1,cb988669-e2d8-48ff-bbe5-a60773e6a7f5,d0b6b367-231e-4a08-bf0d-bdec06863eab,a0d728bf-47c0-4ee7-a8e7-f8a50620765c,b1211fbc-fea3-4d61-b2fb-3965014a70bb,Digital,6/1/2021 23:13,Return,Debit,3.601861459,0,On-time,TRUE
28eaa849-7619-48a9-b9a9-27f05d14ad34,5c34469e-b3de-4490-84bb-1034083203b5,4dc8b1a7-c95d-4e11-9381-f1d2ef2304ec,eba90c83-4e61-4046-a3ce-7d86004ce6a1,03d6a07a-6c02-4f9a-911b-91f065253518,Physical,6/1/2021 3:02,Purchase,Debit,26.169770706,4.154424965,Delayed,TRUE
594061e1-5738-4c60-8bee-a41cac8c7932,b9ffa96f-1c70-4f91-94ea-046879d0ea3f,9ac7ee73-2ad5-4165-ad36-0e56b05a9ee0,5a5d2db5-9e0e-43dd-af10-04f3cec1acf0,b1211fbc-fea3-4d61-b2fb-3965014a70bb,Physical,6/1/2021 5:02,Purchase,Debit,19.353175635,0,On-time,FALSE
cb966bf1-17e9-45af-8012-f7b5eceb456c,b2260359-a849-4b9d-82b9-aabe8f53b036,82678f09-2ad7-487f-95d1-555d4ed5ef40,b07213f3-e39f-4a6e-a94b-55e407f30491,b1211fbc-fea3-4d61-b2fb-3965014a70bb,Digital,6/1/2021 6:25,Exchange,Mobile/digital/cashless,33.73114178,0,On-time,FALSE
b02221b0-28a5-4464-8d52-160e06105c7f,5c34469e-b3de-4490-84bb-1034083203b5,db61c17c-6450-4c8c-9e41-109b4c58893d,a360fbbd-0487-48d9-bce9-d26dd784bdf9,03d6a07a-6c02-4f9a-911b-91f065253518,Digital,6/1/2021 6:51,Purchase,Credit card,23.9190971,0,Delayed,FALSE
99e853cb-9869-4a1a-a217-2c90284a2c4d,b6f9cb90-281e-4726-a537-30be193087b9,c5c3faeb-c264-403e-8e49-70e21daee45a,df6065fa-3937-4b23-b06d-49d60ed7a2cc,baa6cdde-e13b-4284-b9ed-c1e37a4eabb3,Digital,6/1/2021 7:23,Exchange,Cash,6.101432713,0,Delayed,FALSE
b918de5b-28be-42f5-ba53-4ac86e4dd9a5,d335008d-5bda-4302-9a5d-4fabc009f342,1baceafb-a842-4447-99ae-e70e51960c03,0de52113-9821-4c84-a565-c310299b3683,b1211fbc-fea3-4d61-b2fb-3965014a70bb,Digital,6/1/2021 7:52,Return,Cash,35.737890027,0,Delayed,FALSE
c6af86ef-1d65-47fd-994c-996dd4d5b4a3,a059152d-db29-46c6-b65a-25b5823ee83b,b64309aa-8db1-479e-9f85-5f74e4b53b2c,8b7f4bf7-93cd-4318-883c-cf533ad43740,705946ad-83d7-4009-8ba5-9d584448f246,Physical,6/10/2021 11:41,Return,Debit,18.21413092,0,On-time,FALSE
7e436a15-95df-42ff-ad4c-b674b5b447e6,38b0fdb5-dfb4-4e20-bb16-7aa9159e4b09,b064777d-a624-468a-933d-bd3e1b7f97b6,81ed874b-f763-4143-aa36-602ad6628068,bee5ad7a-5d17-4635-a720-563266fafd85,Physical,6/10/2021 13:57,Return,Cash,23.009079003,0.634796329,On-time,TRUE
75b43856-b99c-4b5b-8a02-5ea8b222110a,cb988669-e2d8-48ff-bbe5-a60773e6a7f5,ae41676e-f486-436d-a26c-d0f58e68423a,915f4024-fb10-49cf-bfb3-464a819a8c3a,b1211fbc-fea3-4d61-b2fb-3965014a70bb,Digital,6/10/2021 14:46,Return,Mobile/digital/cashless,1.79377575,0.470287751,On-time,TRUE
263daa55-44ab-4fef-ae31-323e560ec56d,eedf4d89-56a0-41c9-9048-1a793ba2c8e8,f876cec3-0803-40a9-8307-78fd72b47f4b,b07213f3-e39f-4a6e-a94b-55e407f30491,705946ad-83d7-4009-8ba5-9d584448f246,Digital,6/10/2021 15:47,Refund,Cash,30.944678974,5.53166494,Delayed,TRUE
62d6760d-f343-4f6c-bb03-2a4891dfb1f1,5c34469e-b3de-4490-84bb-1034083203b5,afe8d70d-f12a-4ac4-a917-b99a68c0893a,48d6ccbd-8034-4170-84cd-328d528730d7,03d6a07a-6c02-4f9a-911b-91f065253518,Physical,6/10/2021 16:12,Purchase,Cash,37.063930735,0,Delayed,TRUE
3c234b66-559a-4951-b7e4-8998ef478b75,b6fadde2-cc90-4a19-9167-6f94e59f1d86,29916751-cbd0-4e99-8f63-aafb413299c6,0de52113-9821-4c84-a565-c310299b3683,22b5163e-1e78-47a3-bdeb-90d97d5cfa64,Physical,6/10/2021 16:27,Purchase,Mobile/digital/cashless,24.044226996,0,Delayed,FALSE
ea006c0c-8da4-4de0-8602-bfd3c63d4dd1,caaa42fe-0d4f-4e16-80e6-5fb81ec5ab56,54195dae-8518-4f99-92c7-b98241d2c7b1,3af44dca-decb-4691-9c8f-ce3f1bedd38b,b1211fbc-fea3-4d61-b2fb-3965014a70bb,Physical,6/10/2021 17:25,Purchase,Mobile/digital/cashless,40.338497003,6.123771439,On-time,TRUE
ffe01002-3b56-4d4a-b830-7a9ca237cabc,2639f6a7-faa2-4563-8fd4-55ce9de3346c,435726c4-0295-4a74-ad0e-e867ee0b2286,8d752691-8123-469b-9d93-3b69f479fd3f,ed029d40-8784-406f-9d6d-0f550997f6a3,Physical,6/10/2021 18:24,Return,Mobile/digital/cashless,25.362974442,0,Delayed,FALSE
84c11b14-d1dc-47c6-935a-eaac3bcf07e6,b6f9cb90-281e-4726-a537-30be193087b9,4c8de292-20c0-4bc0-977a-6f0e276afa5c,217d17ca-a715-4937-b96c-471c8412caab,baa6cdde-e13b-4284-b9ed-c1e37a4eabb3,Digital,6/10/2021 3:17,Return,Credit card,43.454489174,0,On-time,FALSE
709d9e81-7bf3-47fc-bb9a-c1a1aa4a9bc0,b2260359-a849-4b9d-82b9-aabe8f53b036,31ea5bf7-e71b-4e17-b366-336ce9804267,504c39f4-c775-4ba9-a5a5-ba0eb2367aea,b1211fbc-fea3-4d61-b2fb-3965014a70bb,Digital,6/10/2021 7:16,Purchase,Credit card,25.99195314,0,On-time,FALSE
ec544a0d-3561-4ff1-8ec6-55dc17e07f5a,b2260359-a849-4b9d-82b9-aabe8f53b036,82678f09-2ad7-487f-95d1-555d4ed5ef40,3af44dca-decb-4691-9c8f-ce3f1bedd38b,2abe9d30-1f49-45c4-b9e3-9b94f1b33143,Digital,6/10/2021 8:03,Purchase,Cash,15.293588828,2.73203778,Delayed,TRUE
b52c0891-e4e7-4f3e-8afc-ca3d65a74eb6,6386a2e5-8160-48f5-8c20-5e2dd5a60e62,b2b3e786-1b4f-4dce-bb5d-f79d9d21ae00,15eafaea-d066-4914-9712-f95eccba3b9b,22b5163e-1e78-47a3-bdeb-90d97d5cfa64,Digital,6/11/2021 12:22,Purchase,Mobile/digital/cashless,44.188498842,0,Delayed,FALSE
d48ef4ac-9698-4c06-acbb-a1e77ba8e0be,b6f9cb90-281e-4726-a537-30be193087b9,4c8de292-20c0-4bc0-977a-6f0e276afa5c,469777bc-a10d-45b5-b4ee-368ff44bf3c0,baa6cdde-e13b-4284-b9ed-c1e37a4eabb3,Digital,6/11/2021 17:37,Purchase,Credit card,4.349955128,0,Delayed,FALSE
341afb94-84f2-4257-b0ab-0dc13c44e645,552c8115-ebf0-4a34-9be1-0733794da1e3,772b31d7-db7f-4600-866a-0e43fd4f4645,469777bc-a10d-45b5-b4ee-368ff44bf3c0,bee5ad7a-5d17-4635-a720-563266fafd85,Physical,6/11/2021 17:47,Exchange,Debit,39.004553254,1.201720491,Delayed,FALSE
ac081cfe-64b6-4f3a-b28a-43384dc60974,0fec12ff-a673-47e4-b50c-fe773062dce3,9a0b87cc-685b-48f9-ad17-0f62af1c1c62,e9adcb1e-fc0e-45ad-8470-6f67a7090cdc,257f92dc-66fc-4c77-936b-a695055bc0fb,Physical,6/11/2021 17:59,Purchase,Mobile/digital/cashless,13.028455072,0,On-time,FALSE
9f5b75f8-a220-4146-bd35-676df983147f,a39c015d-0d54-4daa-bae0-56774a753c06,c37f778b-151d-4d88-a7a1-d544d6c43019,e4cf7f61-c02b-432b-8f17-9205ff89cb06,705946ad-83d7-4009-8ba5-9d584448f246,Physical,6/11/2021 18:09,Purchase,Cash,9.712977758,0,Delayed,FALSE
501652b0-8d43-4771-bcc5-38e2a6261d8d,b6f9cb90-281e-4726-a537-30be193087b9,c5c3faeb-c264-403e-8e49-70e21daee45a,61013c35-7226-41bf-8c06-f60490a60de2,baa6cdde-e13b-4284-b9ed-c1e37a4eabb3,Physical,6/11/2021 20:29,Purchase,Cash,35.886193072,5.832646048,On-time,FALSE
de22a4b8-66cc-43c8-894c-f8a64b0f8305,a0c4eb53-639d-4eab-ae55-3d6761a5f59f,58c20dbc-5b60-4237-b4ad-5a5138006694,e1c18697-fbfc-4851-957c-2f49953f781d,baa6cdde-e13b-4284-b9ed-c1e37a4eabb3,Physical,6/11/2021 20:55,Purchase,Credit card,33.315828313,1.853543956,On-time,FALSE
3e252416-a8cf-4141-8454-05cb7ce886ef,38b0fdb5-dfb4-4e20-bb16-7aa9159e4b09,b064777d-a624-468a-933d-bd3e1b7f97b6,a0d728bf-47c0-4ee7-a8e7-f8a50620765c,d323210d-5187-444f-83aa-4ee0c6da6029,Digital,6/11/2021 21:04,Purchase,Mobile/digital/cashless,2.83573845,0.632459931,On-time,TRUE
9f9a1600-5b2b-414e-8aad-8240b5cc96b4,bde0d704-b3fe-48b0-8ace-a661147d8216,7d06975c-c4d7-4c49-88e3-353d089c448b,e4cf7f61-c02b-432b-8f17-9205ff89cb06,ed029d40-8784-406f-9d6d-0f550997f6a3,Physical,6/11/2021 6:16,Exchange,Debit,8.883159665,0,On-time,FALSE
a4cd386f-1fe5-4bb8-808a-fa3752d20427,9583d68a-6333-49de-b7a5-f598146a62a2,4e947e56-6d6a-4867-9631-48e2b92f3d85,230a4227-989f-48c9-b26a-fc8bdc31fd3f,257f92dc-66fc-4c77-936b-a695055bc0fb,Physical,6/12/2021 13:20,Purchase,Cash,39.467387852,0,Delayed,TRUE
bce35f39-a4ba-4684-a494-5612f410b18e,b6fadde2-cc90-4a19-9167-6f94e59f1d86,29916751-cbd0-4e99-8f63-aafb413299c6,469777bc-a10d-45b5-b4ee-368ff44bf3c0,22b5163e-1e78-47a3-bdeb-90d97d5cfa64,Digital,6/12/2021 1:27,Purchase,Cash,30.529944624,0,On-time,FALSE
ee1fd6ff-a2b7-455e-8281-50b7af578655,ac4b423d-995a-44e2-8ffe-328442bf97e5,4df3b1e9-5c6e-4771-b6ed-c53280a1c795,4d2f7502-b1cf-49a5-93b6-9080d69acd4c,bee5ad7a-5d17-4635-a720-563266fafd85,Digital,6/12/2021 20:48,Purchase,Debit,31.126503548,3.042762179,Delayed,FALSE
9e17dd95-e50f-4961-aedb-8ddfb3737ce1,9583d68a-6333-49de-b7a5-f598146a62a2,b7122f72-1fcb-48fb-aea9-c46bc800d489,b07213f3-e39f-4a6e-a94b-55e407f30491,22b5163e-1e78-47a3-bdeb-90d97d5cfa64,Digital,6/12/2021 23:29,Purchase,Mobile/digital/cashless,8.272361037,2.099595025,On-time,TRUE
914deb67-0e5d-4f6c-9323-2a0599e5c51d,bde0d704-b3fe-48b0-8ace-a661147d8216,7d06975c-c4d7-4c49-88e3-353d089c448b,504c39f4-c775-4ba9-a5a5-ba0eb2367aea,ed029d40-8784-406f-9d6d-0f550997f6a3,Physical,6/12/2021 3:58,Return,Cash,33.737112477,7.229318697,Delayed,TRUE
d35944d0-e5d3-4fdd-ac76-afad4714c152,6fd03cee-5961-4d58-8532-090bc687dfc5,166e7838-8d5e-48b3-815d-4f06bf1c3794,d6ae1f1e-c772-419a-ae47-76470835aed8,d323210d-5187-444f-83aa-4ee0c6da6029,Physical,6/12/2021 8:12,Exchange,Credit card,9.576361159,0,On-time,TRUE
aa508a61-2ffe-40be-9a52-3d51e2bb3cff,981f4e82-00c1-484d-bfcc-b3c41bd07583,d5ef8b6c-dc17-4f82-ac50-cedef6f678b1,5916a959-b9f3-4dbc-8dfe-d5ae11bdbfa9,705946ad-83d7-4009-8ba5-9d584448f246,Physical,6/12/2021 8:25,Purchase,Mobile/digital/cashless,26.309810709,1.751839841,Delayed,TRUE
ce30e208-c461-4173-a0df-cf4468e4f17c,caaa42fe-0d4f-4e16-80e6-5fb81ec5ab56,0f9b1687-9b9d-47f6-bf46-8423c15618f1,994ec80e-1248-4fc4-af6f-f8f287353caa,b1211fbc-fea3-4d61-b2fb-3965014a70bb,Digital,6/12/2021 8:40,Purchase,Credit card,14.961961958,1.835668869,Delayed,TRUE
cf68d368-b484-4f37-8d13-aa78d9c02b9e,b2260359-a849-4b9d-82b9-aabe8f53b036,31ea5bf7-e71b-4e17-b366-336ce9804267,2d20179a-5c8a-4e3d-a71a-6da74136ca29,b1211fbc-fea3-4d61-b2fb-3965014a70bb,Physical,6/13/2021 0:27,Refund,Debit,32.957455186,0,On-time,TRUE
fc94f223-95d6-4227-a93e-498a70b36616,cd6c0fd6-6808-424b-be75-d1f68fdd17f6,e554438a-0d9a-4bc0-a21e-73f61ff6d026,12b621e2-4a6f-47e5-a11a-5036ca0b49a1,b1211fbc-fea3-4d61-b2fb-3965014a70bb,Physical,6/13/2021 0:57,Return,Mobile/digital/cashless,36.814366949,0,On-time,FALSE
db260d4f-0556-41e2-ba6c-ab630a357337,9b64841e-3493-4bab-a657-236a3e0e21f9,79698c14-d3bd-4a05-9a3a-8293164fcdbe,15eafaea-d066-4914-9712-f95eccba3b9b,22b5163e-1e78-47a3-bdeb-90d97d5cfa64,Physical,6/13/2021 10:54,Purchase,Debit,26.074660744,0,Delayed,FALSE
0b5629da-f3cd-47a2-b983-54e84dac9ea7,0fec12ff-a673-47e4-b50c-fe773062dce3,9a0b87cc-685b-48f9-ad17-0f62af1c1c62,33228d36-309b-4f86-b3e6-41717a6849d0,bee5ad7a-5d17-4635-a720-563266fafd85,Physical,6/13/2021 11:39,Refund,Debit,15.363910433,0.504848223,Delayed,FALSE
da5afd06-97f2-416a-ba3e-ebe079481dde,a0c4eb53-639d-4eab-ae55-3d6761a5f59f,58c20dbc-5b60-4237-b4ad-5a5138006694,3af44dca-decb-4691-9c8f-ce3f1bedd38b,baa6cdde-e13b-4284-b9ed-c1e37a4eabb3,Digital,6/13/2021 16:46,Exchange,Credit card,41.759046956,1.306827479,On-time,TRUE
5f16e9d7-01db-4634-b440-b4c632b9ef03,a39c015d-0d54-4daa-bae0-56774a753c06,c37f778b-151d-4d88-a7a1-d544d6c43019,cad3a090-91aa-4c30-819e-9f5ce5e657c0,705946ad-83d7-4009-8ba5-9d584448f246,Physical,6/13/2021 17:34,Exchange,Cash,41.030496501,0,Delayed,FALSE
58a67803-b190-4301-9f8e-ed8f78ca4d24,b6f9cb90-281e-4726-a537-30be193087b9,4c8de292-20c0-4bc0-977a-6f0e276afa5c,d5667f01-46a5-43ff-9668-7f5dba1142cc,baa6cdde-e13b-4284-b9ed-c1e37a4eabb3,Digital,6/13/2021 23:19,Exchange,Cash,1.9606707,0,Delayed,FALSE
3242de4c-a16d-40d3-a87a-b50bffb5445d,a059152d-db29-46c6-b65a-25b5823ee83b,b64309aa-8db1-479e-9f85-5f74e4b53b2c,e1c18697-fbfc-4851-957c-2f49953f781d,baa6cdde-e13b-4284-b9ed-c1e37a4eabb3,Physical,6/13/2021 4:54,Return,Cash,29.908672573,6.731810873,On-time,FALSE
f4167661-01ee-4209-aa80-22559c39bd71,eedf4d89-56a0-41c9-9048-1a793ba2c8e8,f876cec3-0803-40a9-8307-78fd72b47f4b,d5667f01-46a5-43ff-9668-7f5dba1142cc,705946ad-83d7-4009-8ba5-9d584448f246,Digital,6/13/2021 5:38,Purchase,Debit,44.693525462,0,On-time,FALSE
63c47851-a04e-4c28-8412-ff7dd8125c24,738f4844-0c52-43d3-b98a-c979bac64622,21de93e9-c15b-496f-9c52-37fc023e3a19,30a00332-31cb-4524-a89a-13e415000adc,bd76c01e-b70e-4304-84a8-b733a1f8e5e3,Physical,6/14/2021 13:12,Purchase,Debit,30.395937466,1.505968356,Delayed,TRUE
7bb961fd-a5e0-41a2-9615-243755b98fad,738f4844-0c52-43d3-b98a-c979bac64622,3ce3c2ae-6c78-471b-aafd-223bab54ca03,0ee9039f-45be-4755-a4ba-9946bb271bcf,ed029d40-8784-406f-9d6d-0f550997f6a3,Physical,6/14/2021 13:59,Purchase,Debit,5.013189199,0,On-time,TRUE
a6542f33-7aec-48f3-9d23-110b4028a1eb,bbdb10e6-218a-47ea-9dfc-89116cd9358a,ccf1bd33-e1a3-4f14-b603-541993bb3d49,ff94ecde-a21d-4ddd-a84f-5938901f5d7b,d323210d-5187-444f-83aa-4ee0c6da6029,Digital,6/14/2021 1:00,Purchase,Mobile/digital/cashless,18.327903093,0,On-time,TRUE
a6881c4e-5c39-43db-a4dc-0ce7294e52f0,9583d68a-6333-49de-b7a5-f598146a62a2,b7122f72-1fcb-48fb-aea9-c46bc800d489,d5667f01-46a5-43ff-9668-7f5dba1142cc,22b5163e-1e78-47a3-bdeb-90d97d5cfa64,Digital,6/14/2021 21:27,Purchase,Credit card,22.622515992,0,Delayed,TRUE
a3022f4d-c831-48bf-a04c-0bb7e4cfb516,28c6dcf6-8cf0-4910-9193-e7307d11c089,b0fb3e20-9e20-49e0-978e-56909a4f2ec9,9dc9d36e-5b57-49ff-8c43-067a4fb6ac43,d323210d-5187-444f-83aa-4ee0c6da6029,Physical,6/14/2021 7:06,Exchange,Mobile/digital/cashless,9.126330916,1.8671275,Delayed,TRUE
e15dddff-6a07-4aea-9255-49cf30a7a86d,d335008d-5bda-4302-9a5d-4fabc009f342,95f9b0a4-5abf-4404-9680-0272fe2f319b,1aa5db0d-fefe-43b8-ba79-281433c4efe3,b1211fbc-fea3-4d61-b2fb-3965014a70bb,Digital,6/15/2021 0:09,Purchase,Debit,37.745547664,0,Delayed,TRUE
41c1cac4-be84-47de-909d-f5677982ee11,b9ffa96f-1c70-4f91-94ea-046879d0ea3f,7df12961-ae6e-4d23-a3c4-d47da65a1417,faf5777d-22fe-436b-863b-7977e35abc49,b1211fbc-fea3-4d61-b2fb-3965014a70bb,Digital,6/15/2021 0:52,Purchase,Debit,14.240402892,0,On-time,FALSE
b893b0c4-e87b-480c-a2c6-3e2f60f2535d,28c6dcf6-8cf0-4910-9193-e7307d11c089,b0fb3e20-9e20-49e0-978e-56909a4f2ec9,6c48fd82-c59a-4f5e-a3b2-11ed13137f4a,d323210d-5187-444f-83aa-4ee0c6da6029,Digital,6/15/2021 15:38,Purchase,Credit card,15.433942313,0,Delayed,TRUE
e593ebf2-dd64-4b1b-9c99-d965d2e7e1b4,993484ac-e63e-4e08-ad45-3649ce013673,0ef7baac-9da8-42bc-9c61-fb0164c76392,e9adcb1e-fc0e-45ad-8470-6f67a7090cdc,b1211fbc-fea3-4d61-b2fb-3965014a70bb,Physical,6/15/2021 15:54,Purchase,Cash,9.537770103,0.156309217,Delayed,TRUE
a18824e2-9c65-478b-a0c8-22ca864467dd,eedf4d89-56a0-41c9-9048-1a793ba2c8e8,f876cec3-0803-40a9-8307-78fd72b47f4b,fab468d7-e141-46d6-a766-87a7cfce2b5e,705946ad-83d7-4009-8ba5-9d584448f246,Digital,6/15/2021 17:23,Purchase,Debit,37.289853484,0,Delayed,TRUE
ff2d0dba-b601-41d8-b4f2-8bae6eaadde1,cc150d14-7afc-4c59-895a-e3e9e93b07f0,4031dfd9-2487-4a9a-a18c-8bedcac35802,30a00332-31cb-4524-a89a-13e415000adc,bee5ad7a-5d17-4635-a720-563266fafd85,Digital,6/15/2021 17:35,Purchase,Credit card,33.753972101,0,Delayed,TRUE
1f3c1623-a07f-48fa-89d5-6dbe5eea8005,6386a2e5-8160-48f5-8c20-5e2dd5a60e62,b2b3e786-1b4f-4dce-bb5d-f79d9d21ae00,0df65236-4a75-45e0-aa67-95a4f67351b1,22b5163e-1e78-47a3-bdeb-90d97d5cfa64,Physical,6/15/2021 18:43,Purchase,Debit,18.794125405,0.185516287,On-time,TRUE
a9f7535a-cfcd-4845-88fb-d6c05073f5c7,b9ffa96f-1c70-4f91-94ea-046879d0ea3f,9ac7ee73-2ad5-4165-ad36-0e56b05a9ee0,15ba6a90-64b5-489d-86ee-bcbfc6bdfefe,b1211fbc-fea3-4d61-b2fb-3965014a70bb,Digital,6/15/2021 4:39,Refund,Credit card,13.675958865,0,Delayed,FALSE
5f1f9893-f10d-4972-b45b-fccfa773c65b,28c6dcf6-8cf0-4910-9193-e7307d11c089,b0fb3e20-9e20-49e0-978e-56909a4f2ec9,48d6ccbd-8034-4170-84cd-328d528730d7,d323210d-5187-444f-83aa-4ee0c6da6029,Physical,6/15/2021 5:32,Refund,Credit card,28.845107218,0,On-time,FALSE
6d8323ba-91e2-40e7-bb8f-2cbd279940e6,a4f980ba-4b32-4d83-b01c-4b9590c3afc4,7e30d76e-9178-4c7f-95be-f03cd0e3fcba,b07213f3-e39f-4a6e-a94b-55e407f30491,ed029d40-8784-406f-9d6d-0f550997f6a3,Digital,6/15/2021 6:04,Purchase,Credit card,41.328085539,0,On-time,TRUE
2ffdf130-e553-4151-bb08-b0a539bafb6c,28c6dcf6-8cf0-4910-9193-e7307d11c089,b0fb3e20-9e20-49e0-978e-56909a4f2ec9,a9bf3b52-c1e9-43c7-8804-002d86e2f1f9,d323210d-5187-444f-83aa-4ee0c6da6029,Physical,6/15/2021 6:26,Refund,Credit card,14.279523389,0,On-time,FALSE
df8ca2f0-4878-437c-9064-714806637884,b6fadde2-cc90-4a19-9167-6f94e59f1d86,29916751-cbd0-4e99-8f63-aafb413299c6,504c39f4-c775-4ba9-a5a5-ba0eb2367aea,22b5163e-1e78-47a3-bdeb-90d97d5cfa64,Digital,6/15/2021 8:25,Return,Cash,29.42713857,0,On-time,TRUE
9f974495-43d1-4528-b311-be5758784634,5c34469e-b3de-4490-84bb-1034083203b5,db61c17c-6450-4c8c-9e41-109b4c58893d,df6065fa-3937-4b23-b06d-49d60ed7a2cc,03d6a07a-6c02-4f9a-911b-91f065253518,Digital,6/16/2021 11:59,Exchange,Debit,11.902006261,2.076916406,On-time,FALSE
d47ed913-cea0-4ea4-b398-71fee2481f26,6386a2e5-8160-48f5-8c20-5e2dd5a60e62,b2b3e786-1b4f-4dce-bb5d-f79d9d21ae00,252fbd74-1296-424f-a6c9-bbdfe3d09984,bd76c01e-b70e-4304-84a8-b733a1f8e5e3,Digital,6/16/2021 13:58,Refund,Debit,35.391909427,0,Delayed,TRUE
d62f6c1e-2cc2-4ee9-844f-30a878ba33d3,0fec12ff-a673-47e4-b50c-fe773062dce3,9a0b87cc-685b-48f9-ad17-0f62af1c1c62,30a00332-31cb-4524-a89a-13e415000adc,257f92dc-66fc-4c77-936b-a695055bc0fb,Digital,6/16/2021 17:17,Purchase,Credit card,35.857063363,7.133998625,On-time,TRUE
c0f66c8d-6c54-47f7-a039-eb3a3231f7f1,552c8115-ebf0-4a34-9be1-0733794da1e3,772b31d7-db7f-4600-866a-0e43fd4f4645,6c48fd82-c59a-4f5e-a3b2-11ed13137f4a,bee5ad7a-5d17-4635-a720-563266fafd85,Physical,6/16/2021 17:43,Purchase,Debit,6.621299166,0,Delayed,FALSE
f1f86d42-b1e9-4e4d-8677-a02a04af8b5a,ad6522ab-f3ec-4a65-9584-7fe13f8dc4da,b0745753-8dbd-4c44-bd93-840e1f437ade,5916a959-b9f3-4dbc-8dfe-d5ae11bdbfa9,d323210d-5187-444f-83aa-4ee0c6da6029,Physical,6/16/2021 19:58,Return,Mobile/digital/cashless,32.849461305,0,On-time,TRUE
b1014519-d1ac-4701-9e6e-3c5f509e4a5c,ad6522ab-f3ec-4a65-9584-7fe13f8dc4da,7d38fb91-73f8-4ee4-ac96-b1556349c8d6,230a4227-989f-48c9-b26a-fc8bdc31fd3f,d323210d-5187-444f-83aa-4ee0c6da6029,Physical,6/16/2021 20:34,Purchase,Debit,16.969342196,0,On-time,TRUE
22040491-fcd6-4c95-9bd1-aed42f6fa815,94df1816-5301-47f0-a2c5-0222a2230127,cab29982-4a84-494c-80a8-dff791335627,230a4227-989f-48c9-b26a-fc8bdc31fd3f,baa6cdde-e13b-4284-b9ed-c1e37a4eabb3,Physical,6/16/2021 20:36,Purchase,Cash,18.002836362,0,On-time,FALSE
2f2140b0-8c22-434a-ae87-29547fdfc2d3,beecf646-5059-4a1e-9a89-09c4d7c885aa,119a3d81-246b-4218-a96b-446e6f61f002,aef7b627-5009-4e54-bc3e-fd6fad155a24,22b5163e-1e78-47a3-bdeb-90d97d5cfa64,Digital,6/16/2021 23:50,Purchase,Credit card,38.917775486,5.257021519,On-time,FALSE
87d9dbdb-171b-4aaa-abf0-28696b627df6,b6fadde2-cc90-4a19-9167-6f94e59f1d86,29916751-cbd0-4e99-8f63-aafb413299c6,0df65236-4a75-45e0-aa67-95a4f67351b1,22b5163e-1e78-47a3-bdeb-90d97d5cfa64,Physical,6/16/2021 4:04,Purchase,Cash,33.230723646,8.597075691,Delayed,TRUE
291eab84-7925-49af-ace4-094c68db4464,ad6522ab-f3ec-4a65-9584-7fe13f8dc4da,b0745753-8dbd-4c44-bd93-840e1f437ade,eba90c83-4e61-4046-a3ce-7d86004ce6a1,d323210d-5187-444f-83aa-4ee0c6da6029,Physical,6/16/2021 4:41,Purchase,Mobile/digital/cashless,12.801651614,0,On-time,TRUE
d1814a8e-f03e-4e30-9d4c-b93355698051,a39c015d-0d54-4daa-bae0-56774a753c06,676f0df9-7fb4-48d8-99a9-90baf2e08033,927cff9a-f46e-40dd-a277-d0bb9e5e982a,705946ad-83d7-4009-8ba5-9d584448f246,Physical,6/16/2021 6:45,Exchange,Credit card,1.768105422,0,On-time,FALSE
0d1af6ca-f70a-4e55-8641-f54becb460b0,f586b45c-cc91-4ccc-9130-5ccf186ba501,1ee1aa23-27fb-4ef1-b4b6-eea3549bf5dc,6ed35ecf-3e54-44f3-9b19-bb20ff52b8c8,22b5163e-1e78-47a3-bdeb-90d97d5cfa64,Physical,6/17/2021 17:47,Purchase,Credit card,44.017251258,0,On-time,TRUE
c4b76bf0-77d5-4da8-ac6e-5745958d4ccc,2639f6a7-faa2-4563-8fd4-55ce9de3346c,435726c4-0295-4a74-ad0e-e867ee0b2286,33228d36-309b-4f86-b3e6-41717a6849d0,ed029d40-8784-406f-9d6d-0f550997f6a3,Physical,6/17/2021 22:39,Purchase,Debit,42.666724781,0,On-time,FALSE
b42f119f-47fa-4847-8cda-ca21bca39754,bbdb10e6-218a-47ea-9dfc-89116cd9358a,12fa98e7-2a32-4815-b2a2-fe36ae5c91bf,ac52cb17-f012-4822-8d51-e9731ef596a4,22b5163e-1e78-47a3-bdeb-90d97d5cfa64,Physical,6/17/2021 5:38,Purchase,Mobile/digital/cashless,4.129532558,0.468079461,Delayed,FALSE
86196c71-5e18-4031-ae97-2b4ff7828259,993484ac-e63e-4e08-ad45-3649ce013673,0ef7baac-9da8-42bc-9c61-fb0164c76392,2d20179a-5c8a-4e3d-a71a-6da74136ca29,b1211fbc-fea3-4d61-b2fb-3965014a70bb,Physical,6/17/2021 8:04,Purchase,Cash,19.933794274,1.609444822,On-time,TRUE
ced7259d-c410-44ab-a5c0-3f8d3cd61e35,ad6522ab-f3ec-4a65-9584-7fe13f8dc4da,7d38fb91-73f8-4ee4-ac96-b1556349c8d6,b07213f3-e39f-4a6e-a94b-55e407f30491,d323210d-5187-444f-83aa-4ee0c6da6029,Digital,6/18/2021 11:25,Exchange,Mobile/digital/cashless,24.55406348,0,On-time,FALSE
d1cb64f0-26c6-4813-a97b-8e11055c1338,a4f980ba-4b32-4d83-b01c-4b9590c3afc4,f18a359d-9048-47eb-9942-f1cda144f425,e9adcb1e-fc0e-45ad-8470-6f67a7090cdc,ed029d40-8784-406f-9d6d-0f550997f6a3,Physical,6/18/2021 13:29,Purchase,Mobile/digital/cashless,37.697258905,0,On-time,FALSE
ba3dd53d-98a3-4040-886a-ecab967d9e6e,b9ffa96f-1c70-4f91-94ea-046879d0ea3f,7df12961-ae6e-4d23-a3c4-d47da65a1417,de5406a1-3c1a-4402-b33b-b127bd00b94b,b1211fbc-fea3-4d61-b2fb-3965014a70bb,Physical,6/18/2021 14:43,Purchase,Cash,26.637171958,0,Delayed,TRUE
d7d00015-6e73-4d83-99d6-73ae2e1774dd,9583d68a-6333-49de-b7a5-f598146a62a2,419d91b8-5749-4fa8-9850-cb944b32ae97,252fbd74-1296-424f-a6c9-bbdfe3d09984,22b5163e-1e78-47a3-bdeb-90d97d5cfa64,Digital,6/18/2021 16:25,Refund,Cash,20.294587777,1.529275752,On-time,TRUE
6e1e83e4-f532-4de2-a1f2-8ab0fb109fa1,b6f9cb90-281e-4726-a537-30be193087b9,c5c3faeb-c264-403e-8e49-70e21daee45a,e9adcb1e-fc0e-45ad-8470-6f67a7090cdc,2abe9d30-1f49-45c4-b9e3-9b94f1b33143,Physical,6/18/2021 18:27,Purchase,Debit,7.710403055,0.225542377,Delayed,FALSE
d74f52bf-2886-413b-8121-b2525393887f,846ac517-2a0d-4af6-98bd-d9674a9970dd,5e44f683-a776-48cc-bbd7-0063b49d6413,df6065fa-3937-4b23-b06d-49d60ed7a2cc,bee5ad7a-5d17-4635-a720-563266fafd85,Physical,6/18/2021 19:29,Purchase,Credit card,22.761767117,0,Delayed,FALSE
dfc659f1-bc6d-408e-91a9-8b33878d0bcb,993484ac-e63e-4e08-ad45-3649ce013673,0ef7baac-9da8-42bc-9c61-fb0164c76392,5a5d2db5-9e0e-43dd-af10-04f3cec1acf0,b1211fbc-fea3-4d61-b2fb-3965014a70bb,Digital,6/18/2021 22:58,Purchase,Debit,24.193439751,0,On-time,TRUE
0373474c-1c16-4293-949b-ce761dd1b350,3e078aba-efe6-40e2-967b-743c1e19203c,b7f490e3-7045-450d-84f1-e90b96bd0f41,a0d728bf-47c0-4ee7-a8e7-f8a50620765c,705946ad-83d7-4009-8ba5-9d584448f246,Physical,6/18/2021 2:07,Purchase,Cash,4.078539984,0,On-time,TRUE
8ac9e055-3a9b-4fbe-9126-8f16d2a96c26,a0c4eb53-639d-4eab-ae55-3d6761a5f59f,58c20dbc-5b60-4237-b4ad-5a5138006694,48d6ccbd-8034-4170-84cd-328d528730d7,bee5ad7a-5d17-4635-a720-563266fafd85,Physical,6/18/2021 2:38,Purchase,Cash,7.60423408,1.43222505,On-time,TRUE
15a49d27-a774-44d3-998c-80d9e60b9aaa,745e0710-5ec6-4c08-a4e0-1e33df4312e3,cf273cb4-5daa-49de-adb4-2505e1793061,949dcc8e-473a-4507-be60-80e0e554e872,257f92dc-66fc-4c77-936b-a695055bc0fb,Physical,6/18/2021 5:12,Exchange,Debit,8.808220733,0,On-time,TRUE
f9511d8c-3d6b-4bc7-9a29-ff17cd4b777e,cc150d14-7afc-4c59-895a-e3e9e93b07f0,74fa48fe-bd5f-4d57-bba3-5456fa23a92e,eba90c83-4e61-4046-a3ce-7d86004ce6a1,b1211fbc-fea3-4d61-b2fb-3965014a70bb,Physical,6/18/2021 5:18,Refund,Credit card,35.586315826,7.547548495,Delayed,FALSE
5992d61d-d44c-48e7-8699-c5e5d012a176,b9ffa96f-1c70-4f91-94ea-046879d0ea3f,9ac7ee73-2ad5-4165-ad36-0e56b05a9ee0,61013c35-7226-41bf-8c06-f60490a60de2,b1211fbc-fea3-4d61-b2fb-3965014a70bb,Digital,6/18/2021 5:50,Purchase,Mobile/digital/cashless,32.479523251,0,Delayed,FALSE
1b9e6633-3480-4c47-8346-f14be9516216,94df1816-5301-47f0-a2c5-0222a2230127,5fd1035a-0d75-4d41-b6cd-67e8e7ea6dad,1aa5db0d-fefe-43b8-ba79-281433c4efe3,baa6cdde-e13b-4284-b9ed-c1e37a4eabb3,Physical,6/18/2021 7:44,Purchase,Cash,26.249796316,0,On-time,TRUE
81aecaea-7662-4a64-8c36-e15d144e3ca4,981f4e82-00c1-484d-bfcc-b3c41bd07583,2fe8d37e-34e0-464f-aec2-9e9ade07b93b,e9adcb1e-fc0e-45ad-8470-6f67a7090cdc,b1211fbc-fea3-4d61-b2fb-3965014a70bb,Digital,6/18/2021 8:45,Purchase,Mobile/digital/cashless,3.270968906,0,On-time,TRUE
3b82d1d8-d812-4d25-a116-b7aabc24be08,38b0fdb5-dfb4-4e20-bb16-7aa9159e4b09,b064777d-a624-468a-933d-bd3e1b7f97b6,aef7b627-5009-4e54-bc3e-fd6fad155a24,bee5ad7a-5d17-4635-a720-563266fafd85,Digital,6/19/2021 10:13,Exchange,Debit,38.548311365,0,On-time,FALSE
92aee968-c3e1-43c3-a902-2dc16876b409,94df1816-5301-47f0-a2c5-0222a2230127,cab29982-4a84-494c-80a8-dff791335627,5916a959-b9f3-4dbc-8dfe-d5ae11bdbfa9,baa6cdde-e13b-4284-b9ed-c1e37a4eabb3,Physical,6/19/2021 15:05,Purchase,Debit,22.837169765,0,On-time,FALSE
8c9714e8-8e41-49ab-974b-99e146aedda2,ac4b423d-995a-44e2-8ffe-328442bf97e5,4df3b1e9-5c6e-4771-b6ed-c53280a1c795,e4cf7f61-c02b-432b-8f17-9205ff89cb06,bee5ad7a-5d17-4635-a720-563266fafd85,Digital,6/19/2021 19:18,Purchase,Mobile/digital/cashless,31.289755202,0,On-time,FALSE
ff395622-312f-4e37-a8a5-685e671e2c6b,745e0710-5ec6-4c08-a4e0-1e33df4312e3,e443a064-d32e-4686-ab10-a0315e939770,230a4227-989f-48c9-b26a-fc8bdc31fd3f,257f92dc-66fc-4c77-936b-a695055bc0fb,Physical,6/19/2021 20:27,Purchase,Credit card,21.680361405,5.571206785,On-time,TRUE
513c32a9-e1d9-40da-89a1-7532e86a590a,ad6522ab-f3ec-4a65-9584-7fe13f8dc4da,b0745753-8dbd-4c44-bd93-840e1f437ade,a9bf3b52-c1e9-43c7-8804-002d86e2f1f9,d323210d-5187-444f-83aa-4ee0c6da6029,Digital,6/19/2021 20:55,Purchase,Debit,31.683311777,0,Delayed,TRUE
fca27685-d143-4d27-ad14-3585dab9b190,cc150d14-7afc-4c59-895a-e3e9e93b07f0,4031dfd9-2487-4a9a-a18c-8bedcac35802,469777bc-a10d-45b5-b4ee-368ff44bf3c0,bee5ad7a-5d17-4635-a720-563266fafd85,Digital,6/19/2021 22:08,Purchase,Credit card,30.858586917,0,On-time,FALSE
a0aabc82-9c7a-401f-9dcb-a300f37df9bf,738f4844-0c52-43d3-b98a-c979bac64622,21de93e9-c15b-496f-9c52-37fc023e3a19,133cabbc-7982-4ddd-be15-3953a70ed670,bd76c01e-b70e-4304-84a8-b733a1f8e5e3,Physical,6/19/2021 22:18,Purchase,Debit,32.415651848,0,Delayed,TRUE
ea33490c-118f-457d-8a78-0a0fe8688767,993484ac-e63e-4e08-ad45-3649ce013673,0ef7baac-9da8-42bc-9c61-fb0164c76392,0df65236-4a75-45e0-aa67-95a4f67351b1,bd76c01e-b70e-4304-84a8-b733a1f8e5e3,Digital,6/19/2021 3:35,Purchase,Mobile/digital/cashless,3.255741147,0.204519882,On-time,TRUE
d2c0c9e5-5909-45c7-ba22-5613fd63fa41,738f4844-0c52-43d3-b98a-c979bac64622,3ce3c2ae-6c78-471b-aafd-223bab54ca03,81ed874b-f763-4143-aa36-602ad6628068,bd76c01e-b70e-4304-84a8-b733a1f8e5e3,Physical,6/19/2021 7:11,Purchase,Cash,44.609032105,0,Delayed,TRUE
a2e2696f-34fe-42fc-8934-ee8ee2221fd5,5ab540fb-6e5a-45f3-906c-8eeed524d08d,bd346d71-ba64-4212-ad64-4b63ddc54232,51716622-e7ff-44f2-b388-9cee6719eb66,ed029d40-8784-406f-9d6d-0f550997f6a3,Physical,6/19/2021 9:21,Refund,Cash,14.364703977,0,Delayed,FALSE
baec730e-2069-479f-804a-446aa000f495,745e0710-5ec6-4c08-a4e0-1e33df4312e3,cf273cb4-5daa-49de-adb4-2505e1793061,e4cf7f61-c02b-432b-8f17-9205ff89cb06,257f92dc-66fc-4c77-936b-a695055bc0fb,Digital,6/19/2021 9:55,Purchase,Credit card,44.234830372,0,On-time,TRUE
4cae6019-9bb9-4b41-910e-2d243546f9d2,cd6c0fd6-6808-424b-be75-d1f68fdd17f6,e554438a-0d9a-4bc0-a21e-73f61ff6d026,df6065fa-3937-4b23-b06d-49d60ed7a2cc,b1211fbc-fea3-4d61-b2fb-3965014a70bb,Digital,6/2/2021 12:39,Purchase,Credit card,36.09473081,0,On-time,FALSE
21d4fbaf-07b5-4a3b-8f49-f97b8605b4f4,beecf646-5059-4a1e-9a89-09c4d7c885aa,5cd0d2e0-c1fb-4598-831e-8db9072eca22,6a0b72b1-7de4-4058-8799-02d68fe315c3,2abe9d30-1f49-45c4-b9e3-9b94f1b33143,Digital,6/2/2021 14:19,Purchase,Credit card,13.097537323,3.561097262,Delayed,TRUE
0a5be624-d677-490a-acfb-69282841ed2b,a0c4eb53-639d-4eab-ae55-3d6761a5f59f,58c20dbc-5b60-4237-b4ad-5a5138006694,949dcc8e-473a-4507-be60-80e0e554e872,baa6cdde-e13b-4284-b9ed-c1e37a4eabb3,Digital,6/2/2021 15:22,Refund,Credit card,11.141231723,2.128484729,On-time,FALSE
e0656aab-c075-4b43-a025-709ec3740054,b9ffa96f-1c70-4f91-94ea-046879d0ea3f,7df12961-ae6e-4d23-a3c4-d47da65a1417,6a0b72b1-7de4-4058-8799-02d68fe315c3,baa6cdde-e13b-4284-b9ed-c1e37a4eabb3,Physical,6/2/2021 18:43,Exchange,Cash,8.611731496,0,Delayed,TRUE
69efd60f-360d-49a0-afaa-b30af02d78c8,6fd03cee-5961-4d58-8532-090bc687dfc5,166e7838-8d5e-48b3-815d-4f06bf1c3794,b07213f3-e39f-4a6e-a94b-55e407f30491,d323210d-5187-444f-83aa-4ee0c6da6029,Physical,6/2/2021 20:32,Purchase,Cash,27.574916563,0,On-time,TRUE
d974cc93-5958-4a3e-8eb6-8f57f1e069ad,94df1816-5301-47f0-a2c5-0222a2230127,cab29982-4a84-494c-80a8-dff791335627,3a72ae27-3efd-4d3a-8c98-e33256e4184b,baa6cdde-e13b-4284-b9ed-c1e37a4eabb3,Digital,6/2/2021 4:50,Purchase,Debit,16.393008938,2.517502472,On-time,TRUE
29bde8e5-9b7e-4ceb-8326-3993c9e67604,bde0d704-b3fe-48b0-8ace-a661147d8216,7d06975c-c4d7-4c49-88e3-353d089c448b,504c39f4-c775-4ba9-a5a5-ba0eb2367aea,ed029d40-8784-406f-9d6d-0f550997f6a3,Physical,6/2/2021 9:14,Purchase,Cash,2.394349992,0.555407167,On-time,TRUE
49ef28a6-a987-4f6e-81b9-93fda75d072f,cd6c0fd6-6808-424b-be75-d1f68fdd17f6,e554438a-0d9a-4bc0-a21e-73f61ff6d026,1435e4b7-153b-4234-a1ef-4bd849ef2f50,b1211fbc-fea3-4d61-b2fb-3965014a70bb,Physical,6/20/2021 0:20,Purchase,Credit card,34.250526674,0.758668765,On-time,FALSE
86c6d083-b19d-4174-9f97-0420a6ef4430,c357c4bf-d4a9-4414-ba52-86137e8170c8,2adfeb77-8ed4-4d29-90f5-04c0e1fbc5b5,4d2f7502-b1cf-49a5-93b6-9080d69acd4c,d323210d-5187-444f-83aa-4ee0c6da6029,Digital,6/20/2021 10:25,Purchase,Mobile/digital/cashless,6.157809119,0.852404046,On-time,FALSE
1c0bbb2d-c2e4-49e9-9efd-ea338f921e11,b9ffa96f-1c70-4f91-94ea-046879d0ea3f,7df12961-ae6e-4d23-a3c4-d47da65a1417,5916a959-b9f3-4dbc-8dfe-d5ae11bdbfa9,b1211fbc-fea3-4d61-b2fb-3965014a70bb,Digital,6/20/2021 11:37,Purchase,Credit card,43.339080051,0,On-time,FALSE
262d03c7-a82c-4e39-a723-1014009a1dbf,28c6dcf6-8cf0-4910-9193-e7307d11c089,b0fb3e20-9e20-49e0-978e-56909a4f2ec9,e1c18697-fbfc-4851-957c-2f49953f781d,d323210d-5187-444f-83aa-4ee0c6da6029,Physical,6/20/2021 15:27,Refund,Cash,3.239936311,0.272728681,On-time,TRUE
e1aba3a4-8838-422b-8e6e-f386ec623945,c357c4bf-d4a9-4414-ba52-86137e8170c8,ec668090-88cb-45b9-b4a7-c6e4f698ab18,fab468d7-e141-46d6-a766-87a7cfce2b5e,03d6a07a-6c02-4f9a-911b-91f065253518,Physical,6/20/2021 15:50,Purchase,Mobile/digital/cashless,20.880045527,0,On-time,TRUE
1d1cfe55-5bb6-4081-ab3c-4ece1d6b6c9c,cd6c0fd6-6808-424b-be75-d1f68fdd17f6,7c1a801a-19b0-4ea1-9ba5-a10560fc51d9,3842d9c1-11fa-4d28-8b34-d67d983bd503,b1211fbc-fea3-4d61-b2fb-3965014a70bb,Physical,6/20/2021 16:13,Return,Mobile/digital/cashless,28.025722176,0,On-time,TRUE
2786a52e-8053-4d78-8129-e73894e56f47,3e078aba-efe6-40e2-967b-743c1e19203c,b7f490e3-7045-450d-84f1-e90b96bd0f41,ff94ecde-a21d-4ddd-a84f-5938901f5d7b,2abe9d30-1f49-45c4-b9e3-9b94f1b33143,Digital,6/20/2021 17:16,Purchase,Cash,30.035796682,5.066148232,On-time,TRUE
baec0150-8d64-416d-9129-ca2d5d30b058,cb988669-e2d8-48ff-bbe5-a60773e6a7f5,ae41676e-f486-436d-a26c-d0f58e68423a,217d17ca-a715-4937-b96c-471c8412caab,b1211fbc-fea3-4d61-b2fb-3965014a70bb,Physical,6/20/2021 19:15,Refund,Debit,20.247067762,0,On-time,FALSE
7fad1746-e8d2-4d77-bc4c-b2ad960b6249,0fec12ff-a673-47e4-b50c-fe773062dce3,9a0b87cc-685b-48f9-ad17-0f62af1c1c62,a0d728bf-47c0-4ee7-a8e7-f8a50620765c,257f92dc-66fc-4c77-936b-a695055bc0fb,Physical,6/20/2021 19:23,Refund,Cash,31.057960545,0,On-time,TRUE
41dd4d9f-e0b2-453a-a002-510312c2f512,a39c015d-0d54-4daa-bae0-56774a753c06,676f0df9-7fb4-48d8-99a9-90baf2e08033,915f4024-fb10-49cf-bfb3-464a819a8c3a,ed029d40-8784-406f-9d6d-0f550997f6a3,Physical,6/20/2021 2:24,Exchange,Credit card,3.864589514,0.731523293,On-time,TRUE
b300a7d2-a393-4de3-aae1-652bb44c928d,6386a2e5-8160-48f5-8c20-5e2dd5a60e62,b2b3e786-1b4f-4dce-bb5d-f79d9d21ae00,dfbfa7e4-0881-4ae1-bfae-93bb77e02f27,22b5163e-1e78-47a3-bdeb-90d97d5cfa64,Physical,6/20/2021 5:21,Purchase,Credit card,26.845802164,0,On-time,TRUE
6024d8af-689f-47b0-96dc-85b9ed60893c,745e0710-5ec6-4c08-a4e0-1e33df4312e3,cf273cb4-5daa-49de-adb4-2505e1793061,6ed35ecf-3e54-44f3-9b19-bb20ff52b8c8,257f92dc-66fc-4c77-936b-a695055bc0fb,Physical,6/20/2021 6:35,Purchase,Mobile/digital/cashless,35.281211781,0,Delayed,TRUE
061e9e10-da3a-41a5-bca5-9b56aa486152,993484ac-e63e-4e08-ad45-3649ce013673,0ef7baac-9da8-42bc-9c61-fb0164c76392,b07213f3-e39f-4a6e-a94b-55e407f30491,b1211fbc-fea3-4d61-b2fb-3965014a70bb,Physical,6/20/2021 7:26,Return,Credit card,31.75015611,0,On-time,FALSE
99343121-2570-4c15-a25e-d0a8aac0de87,cb988669-e2d8-48ff-bbe5-a60773e6a7f5,0013d170-ff92-44d0-9f5f-12acf8f2f455,469777bc-a10d-45b5-b4ee-368ff44bf3c0,b1211fbc-fea3-4d61-b2fb-3965014a70bb,Digital,6/20/2021 8:15,Purchase,Debit,14.567678278,0.911104834,Delayed,TRUE
7fa4fdc2-6c37-4aab-adfe-0dff0f897481,981f4e82-00c1-484d-bfcc-b3c41bd07583,d5ef8b6c-dc17-4f82-ac50-cedef6f678b1,3a72ae27-3efd-4d3a-8c98-e33256e4184b,705946ad-83d7-4009-8ba5-9d584448f246,Digital,6/20/2021 9:11,Refund,Cash,19.855335778,0,On-time,TRUE
f52cf5e4-8b25-4a44-ba1a-ddcc98e1e8f9,c357c4bf-d4a9-4414-ba52-86137e8170c8,1a26e09e-f2c5-4533-bcaf-4bdadb055731,994ec80e-1248-4fc4-af6f-f8f287353caa,d323210d-5187-444f-83aa-4ee0c6da6029,Digital,6/20/2021 9:27,Purchase,Credit card,27.025831843,0,On-time,FALSE
0c8199c1-3492-4c45-b82b-b3631492a77f,cc150d14-7afc-4c59-895a-e3e9e93b07f0,3fde285c-e431-4a64-8be3-417fec3ed3aa,8d752691-8123-469b-9d93-3b69f479fd3f,bee5ad7a-5d17-4635-a720-563266fafd85,Digital,6/20/2021 9:31,Refund,Credit card,12.680255751,0,On-time,TRUE
91b3c29c-d91d-468b-8c0f-9b5cbcb443fb,c357c4bf-d4a9-4414-ba52-86137e8170c8,2adfeb77-8ed4-4d29-90f5-04c0e1fbc5b5,3842d9c1-11fa-4d28-8b34-d67d983bd503,d323210d-5187-444f-83aa-4ee0c6da6029,Physical,6/21/2021 18:21,Refund,Credit card,39.965595165,0,Delayed,FALSE
cdfa8b65-5a55-4d90-86ae-effdc34033f8,bde0d704-b3fe-48b0-8ace-a661147d8216,7d06975c-c4d7-4c49-88e3-353d089c448b,4f02789e-3f90-44a1-9530-248e9b1ec709,ed029d40-8784-406f-9d6d-0f550997f6a3,Digital,6/21/2021 1:05,Purchase,Debit,2.859301247,0,On-time,FALSE
3d3bb964-5f44-4946-af8c-522902cb0d4f,b2260359-a849-4b9d-82b9-aabe8f53b036,82678f09-2ad7-487f-95d1-555d4ed5ef40,81ed874b-f763-4143-aa36-602ad6628068,b1211fbc-fea3-4d61-b2fb-3965014a70bb,Physical,6/21/2021 4:11,Purchase,Credit card,28.699586712,7.432875165,On-time,FALSE
f1eecfa7-d4f6-4a26-8bfd-fb01dcb60ef0,bde0d704-b3fe-48b0-8ace-a661147d8216,7d06975c-c4d7-4c49-88e3-353d089c448b,217d17ca-a715-4937-b96c-471c8412caab,ed029d40-8784-406f-9d6d-0f550997f6a3,Digital,6/22/2021 10:15,Purchase,Credit card,11.872899608,2.445910836,On-time,FALSE
256a9fea-980f-4a3f-a2f6-d436ec78c9aa,cc150d14-7afc-4c59-895a-e3e9e93b07f0,3fde285c-e431-4a64-8be3-417fec3ed3aa,6c48fd82-c59a-4f5e-a3b2-11ed13137f4a,bee5ad7a-5d17-4635-a720-563266fafd85,Digital,6/22/2021 11:05,Purchase,Debit,36.605503742,1.624991886,On-time,FALSE
b310bd25-65b3-48ea-9289-5fe6a1edb976,eedf4d89-56a0-41c9-9048-1a793ba2c8e8,f876cec3-0803-40a9-8307-78fd72b47f4b,b07213f3-e39f-4a6e-a94b-55e407f30491,1d33fb9e-992f-4abf-9f23-067d34f1a3f0,Digital,6/22/2021 11:17,Purchase,Debit,11.507057627,0,On-time,FALSE
30e7ebd5-497d-40ba-8c4f-582144f9bbee,a059152d-db29-46c6-b65a-25b5823ee83b,822c6218-bc2b-4b30-bf8e-64e18fc36e7f,15ba6a90-64b5-489d-86ee-bcbfc6bdfefe,baa6cdde-e13b-4284-b9ed-c1e37a4eabb3,Physical,6/22/2021 14:32,Purchase,Cash,21.886685746,0,On-time,TRUE
2a8d748b-c2ac-4745-a259-944436da2f9f,b2260359-a849-4b9d-82b9-aabe8f53b036,31ea5bf7-e71b-4e17-b366-336ce9804267,81ed874b-f763-4143-aa36-602ad6628068,b1211fbc-fea3-4d61-b2fb-3965014a70bb,Physical,6/22/2021 15:27,Purchase,Mobile/digital/cashless,20.284895871,4.974200444,On-time,TRUE
41609445-ace9-42cb-8e3e-2e825206022f,552c8115-ebf0-4a34-9be1-0733794da1e3,772b31d7-db7f-4600-866a-0e43fd4f4645,6a0b72b1-7de4-4058-8799-02d68fe315c3,bee5ad7a-5d17-4635-a720-563266fafd85,Digital,6/22/2021 16:31,Purchase,Credit card,2.425818257,0,On-time,TRUE
ff6f3d62-6216-4e71-a8fe-015a65bbafc8,cc150d14-7afc-4c59-895a-e3e9e93b07f0,74fa48fe-bd5f-4d57-bba3-5456fa23a92e,15eafaea-d066-4914-9712-f95eccba3b9b,bee5ad7a-5d17-4635-a720-563266fafd85,Digital,6/22/2021 16:32,Return,Cash,23.405660309,0.124281979,Delayed,FALSE
0213bab8-2745-4353-b6c8-1c4410409524,b6f9cb90-281e-4726-a537-30be193087b9,4c8de292-20c0-4bc0-977a-6f0e276afa5c,eba90c83-4e61-4046-a3ce-7d86004ce6a1,baa6cdde-e13b-4284-b9ed-c1e37a4eabb3,Digital,6/22/2021 18:38,Purchase,Credit card,18.613599743,0,Delayed,TRUE
3abcdf02-4dea-4e5a-9f6c-88119412b1ad,2639f6a7-faa2-4563-8fd4-55ce9de3346c,435726c4-0295-4a74-ad0e-e867ee0b2286,230a4227-989f-48c9-b26a-fc8bdc31fd3f,ed029d40-8784-406f-9d6d-0f550997f6a3,Digital,6/22/2021 21:54,Purchase,Mobile/digital/cashless,25.795935223,0,Delayed,TRUE
8d6bb1f1-9b41-4145-8017-e5a58fd50573,94df1816-5301-47f0-a2c5-0222a2230127,cab29982-4a84-494c-80a8-dff791335627,217d17ca-a715-4937-b96c-471c8412caab,baa6cdde-e13b-4284-b9ed-c1e37a4eabb3,Digital,6/22/2021 23:33,Return,Cash,30.307349543,2.712236184,On-time,TRUE
f12b7d57-c387-49c3-b8d6-bfc34c30a791,3e078aba-efe6-40e2-967b-743c1e19203c,b7f490e3-7045-450d-84f1-e90b96bd0f41,ac52cb17-f012-4822-8d51-e9731ef596a4,2abe9d30-1f49-45c4-b9e3-9b94f1b33143,Digital,6/22/2021 23:46,Exchange,Credit card,40.922283474,0,On-time,FALSE
c0127238-8924-4091-b0a8-b2bd90926027,38b0fdb5-dfb4-4e20-bb16-7aa9159e4b09,b3446ee0-bcb1-4504-9a2e-2d9bbcbb0a57,faf5777d-22fe-436b-863b-7977e35abc49,bee5ad7a-5d17-4635-a720-563266fafd85,Digital,6/22/2021 3:29,Purchase,Cash,38.171641247,0,On-time,FALSE
cecba740-0784-400e-89f8-ead58938368e,0fec12ff-a673-47e4-b50c-fe773062dce3,9befc7c6-55aa-4ab1-8708-7432aa82bd9f,6ed35ecf-3e54-44f3-9b19-bb20ff52b8c8,257f92dc-66fc-4c77-936b-a695055bc0fb,Physical,6/23/2021 10:28,Exchange,Mobile/digital/cashless,31.991109278,0,Delayed,TRUE
3d031089-e0df-466b-944a-12340c493d88,28c6dcf6-8cf0-4910-9193-e7307d11c089,b0fb3e20-9e20-49e0-978e-56909a4f2ec9,cad3a090-91aa-4c30-819e-9f5ce5e657c0,d323210d-5187-444f-83aa-4ee0c6da6029,Digital,6/23/2021 10:56,Purchase,Debit,12.306313433,0,On-time,TRUE
5c09575c-9f74-4ae9-9fb6-a6b3412fa174,d335008d-5bda-4302-9a5d-4fabc009f342,95f9b0a4-5abf-4404-9680-0272fe2f319b,33228d36-309b-4f86-b3e6-41717a6849d0,b1211fbc-fea3-4d61-b2fb-3965014a70bb,Digital,6/23/2021 13:08,Purchase,Mobile/digital/cashless,35.2123611,0,On-time,FALSE
f7e4a074-3f84-46a5-b374-6f813145d7ef,993484ac-e63e-4e08-ad45-3649ce013673,0ef7baac-9da8-42bc-9c61-fb0164c76392,ff94ecde-a21d-4ddd-a84f-5938901f5d7b,b1211fbc-fea3-4d61-b2fb-3965014a70bb,Digital,6/23/2021 15:19,Purchase,Mobile/digital/cashless,34.871884541,0,Delayed,TRUE
b09a061a-5daf-4d85-aa14-461b461592b3,2639f6a7-faa2-4563-8fd4-55ce9de3346c,435726c4-0295-4a74-ad0e-e867ee0b2286,9dc9d36e-5b57-49ff-8c43-067a4fb6ac43,ed029d40-8784-406f-9d6d-0f550997f6a3,Physical,6/23/2021 16:09,Exchange,Mobile/digital/cashless,37.879711122,0,On-time,FALSE
51109cd8-43c3-499e-99d8-e05868437ab0,a0c4eb53-639d-4eab-ae55-3d6761a5f59f,58c20dbc-5b60-4237-b4ad-5a5138006694,53ea5fbf-1647-4f33-8262-ec2ba46b6b6f,baa6cdde-e13b-4284-b9ed-c1e37a4eabb3,Physical,6/23/2021 16:41,Purchase,Mobile/digital/cashless,28.165684791,0,On-time,TRUE
cf36e9e8-d8f3-4807-9c58-5ec55b57450b,c357c4bf-d4a9-4414-ba52-86137e8170c8,2adfeb77-8ed4-4d29-90f5-04c0e1fbc5b5,4f02789e-3f90-44a1-9530-248e9b1ec709,d323210d-5187-444f-83aa-4ee0c6da6029,Physical,6/23/2021 17:12,Purchase,Cash,31.771021779,0,On-time,FALSE
787fb600-b5dd-41d1-b6b7-7298be7c9692,38b0fdb5-dfb4-4e20-bb16-7aa9159e4b09,8e57578b-0166-42c7-8b26-d952a7fd76ee,fab468d7-e141-46d6-a766-87a7cfce2b5e,bee5ad7a-5d17-4635-a720-563266fafd85,Physical,6/23/2021 18:36,Return,Credit card,29.43566877,0,On-time,FALSE
46a75134-3d76-4fbb-b092-e7b40ed3bcb5,738f4844-0c52-43d3-b98a-c979bac64622,3ce3c2ae-6c78-471b-aafd-223bab54ca03,e4cf7f61-c02b-432b-8f17-9205ff89cb06,bd76c01e-b70e-4304-84a8-b733a1f8e5e3,Digital,6/23/2021 23:37,Purchase,Debit,10.013638714,0,On-time,TRUE
b0f14f55-e501-4745-9cce-23a3ca3dd91a,38b0fdb5-dfb4-4e20-bb16-7aa9159e4b09,b064777d-a624-468a-933d-bd3e1b7f97b6,0ee9039f-45be-4755-a4ba-9946bb271bcf,bee5ad7a-5d17-4635-a720-563266fafd85,Digital,6/23/2021 2:20,Purchase,Mobile/digital/cashless,2.355093029,0,Delayed,TRUE
a97c695d-60c9-4f68-8534-ce200e25dc26,846ac517-2a0d-4af6-98bd-d9674a9970dd,5e44f683-a776-48cc-bbd7-0063b49d6413,a0d728bf-47c0-4ee7-a8e7-f8a50620765c,bee5ad7a-5d17-4635-a720-563266fafd85,Physical,6/23/2021 4:49,Purchase,Debit,5.197647035,0,On-time,TRUE
cd221f5b-e6a9-4d82-92f3-07cd30ac9d9e,b2260359-a849-4b9d-82b9-aabe8f53b036,82678f09-2ad7-487f-95d1-555d4ed5ef40,230a4227-989f-48c9-b26a-fc8bdc31fd3f,b1211fbc-fea3-4d61-b2fb-3965014a70bb,Physical,6/23/2021 5:28,Purchase,Debit,28.699578167,5.747319272,On-time,FALSE
e7a7bb48-a52b-444c-b1f6-161094024b40,bbdb10e6-218a-47ea-9dfc-89116cd9358a,12fa98e7-2a32-4815-b2a2-fe36ae5c91bf,4d2f7502-b1cf-49a5-93b6-9080d69acd4c,2abe9d30-1f49-45c4-b9e3-9b94f1b33143,Digital,6/24/2021 12:30,Refund,Credit card,15.387691398,4.1544314,Delayed,TRUE
a32bdc28-68ed-49e1-856d-3f59ccd42a6c,b2260359-a849-4b9d-82b9-aabe8f53b036,31ea5bf7-e71b-4e17-b366-336ce9804267,3af44dca-decb-4691-9c8f-ce3f1bedd38b,b1211fbc-fea3-4d61-b2fb-3965014a70bb,Digital,6/24/2021 18:19,Return,Credit card,34.643620754,7.333361547,Delayed,FALSE
52560a7e-c503-4fe9-956e-66d53e5391b6,ac4b423d-995a-44e2-8ffe-328442bf97e5,171de8ce-a80f-4d56-8f23-45c5b4829635,6a0b72b1-7de4-4058-8799-02d68fe315c3,bee5ad7a-5d17-4635-a720-563266fafd85,Digital,6/24/2021 20:31,Exchange,Cash,13.241863593,0,On-time,FALSE
c4ec0ebe-a8f6-41d6-94d8-b591073232f6,a39c015d-0d54-4daa-bae0-56774a753c06,676f0df9-7fb4-48d8-99a9-90baf2e08033,53ea5fbf-1647-4f33-8262-ec2ba46b6b6f,705946ad-83d7-4009-8ba5-9d584448f246,Digital,6/24/2021 4:49,Return,Debit,32.619839694,8.279132356,Delayed,FALSE
681641d3-de71-4e88-b695-62fc8cdb0a27,6386a2e5-8160-48f5-8c20-5e2dd5a60e62,b2b3e786-1b4f-4dce-bb5d-f79d9d21ae00,dfbfa7e4-0881-4ae1-bfae-93bb77e02f27,22b5163e-1e78-47a3-bdeb-90d97d5cfa64,Physical,6/25/2021 12:10,Purchase,Mobile/digital/cashless,10.393378834,0,Delayed,TRUE
c672e2e8-0215-4a91-941a-d3732cc9660d,b2260359-a849-4b9d-82b9-aabe8f53b036,82678f09-2ad7-487f-95d1-555d4ed5ef40,5916a959-b9f3-4dbc-8dfe-d5ae11bdbfa9,b1211fbc-fea3-4d61-b2fb-3965014a70bb,Digital,6/25/2021 12:14,Purchase,Credit card,40.351641727,0,On-time,TRUE
4f30f285-e082-453d-b996-c082fcbb5622,beecf646-5059-4a1e-9a89-09c4d7c885aa,0013f041-6c39-4766-867f-ce7ca60a19b3,5916a959-b9f3-4dbc-8dfe-d5ae11bdbfa9,2abe9d30-1f49-45c4-b9e3-9b94f1b33143,Digital,6/25/2021 16:43,Purchase,Credit card,13.661203497,1.560155577,Delayed,FALSE
a06ba87c-9e03-4ad9-92b2-8f78556cb658,cb988669-e2d8-48ff-bbe5-a60773e6a7f5,0013d170-ff92-44d0-9f5f-12acf8f2f455,3af44dca-decb-4691-9c8f-ce3f1bedd38b,b1211fbc-fea3-4d61-b2fb-3965014a70bb,Digital,6/25/2021 19:41,Purchase,Debit,20.006828284,4.004943302,Delayed,FALSE
c9913fe0-e9ba-4838-8765-91a69d6db472,b2260359-a849-4b9d-82b9-aabe8f53b036,31ea5bf7-e71b-4e17-b366-336ce9804267,fab468d7-e141-46d6-a766-87a7cfce2b5e,b1211fbc-fea3-4d61-b2fb-3965014a70bb,Physical,6/25/2021 19:55,Refund,Debit,4.978605985,0,On-time,TRUE
c03b330a-49b5-4956-874d-fd7495dbd20f,a0c4eb53-639d-4eab-ae55-3d6761a5f59f,58c20dbc-5b60-4237-b4ad-5a5138006694,3842d9c1-11fa-4d28-8b34-d67d983bd503,baa6cdde-e13b-4284-b9ed-c1e37a4eabb3,Digital,6/25/2021 21:12,Purchase,Cash,9.137983261,0,On-time,FALSE
c95cf569-9b07-4fd2-b4e3-3c68f157c363,eedf4d89-56a0-41c9-9048-1a793ba2c8e8,f876cec3-0803-40a9-8307-78fd72b47f4b,a9bf3b52-c1e9-43c7-8804-002d86e2f1f9,705946ad-83d7-4009-8ba5-9d584448f246,Digital,6/25/2021 22:13,Purchase,Credit card,3.973102305,0,Delayed,TRUE
92987367-5dc4-4198-b700-0294590362d2,cd6c0fd6-6808-424b-be75-d1f68fdd17f6,7c1a801a-19b0-4ea1-9ba5-a10560fc51d9,8b7f4bf7-93cd-4318-883c-cf533ad43740,b1211fbc-fea3-4d61-b2fb-3965014a70bb,Physical,6/25/2021 6:58,Exchange,Cash,34.492728136,7.465299918,On-time,TRUE
4f6f5faa-df76-42a5-978e-94df4ad4d4f4,3e078aba-efe6-40e2-967b-743c1e19203c,b7f490e3-7045-450d-84f1-e90b96bd0f41,81ed874b-f763-4143-aa36-602ad6628068,baa6cdde-e13b-4284-b9ed-c1e37a4eabb3,Digital,6/25/2021 9:07,Purchase,Cash,43.448259156,0,Delayed,FALSE
d5249877-4f00-4f6d-b0ff-6825cfeec5ea,ac4b423d-995a-44e2-8ffe-328442bf97e5,171de8ce-a80f-4d56-8f23-45c5b4829635,a360fbbd-0487-48d9-bce9-d26dd784bdf9,bee5ad7a-5d17-4635-a720-563266fafd85,Physical,6/26/2021 0:10,Purchase,Cash,12.835016099,0,On-time,TRUE
2217bb2b-5723-473f-b7bd-54942372b41f,a0c4eb53-639d-4eab-ae55-3d6761a5f59f,58c20dbc-5b60-4237-b4ad-5a5138006694,b07213f3-e39f-4a6e-a94b-55e407f30491,baa6cdde-e13b-4284-b9ed-c1e37a4eabb3,Physical,6/26/2021 10:25,Refund,Debit,10.410602916,1.205854817,Delayed,TRUE
a4c2341a-1504-47fc-9941-79810f7ca3be,0fec12ff-a673-47e4-b50c-fe773062dce3,1dea31b6-1993-4087-80f5-0e928ddc4b9a,cad3a090-91aa-4c30-819e-9f5ce5e657c0,257f92dc-66fc-4c77-936b-a695055bc0fb,Physical,6/26/2021 12:49,Refund,Credit card,4.373190496,0,On-time,TRUE
c40d98e0-474c-4051-a953-87514faf61f7,ad6522ab-f3ec-4a65-9584-7fe13f8dc4da,b0745753-8dbd-4c44-bd93-840e1f437ade,e4cf7f61-c02b-432b-8f17-9205ff89cb06,d323210d-5187-444f-83aa-4ee0c6da6029,Physical,6/26/2021 15:27,Return,Cash,29.178662736,0,On-time,TRUE
2def058a-0074-4538-8507-86d4961c85dc,eedf4d89-56a0-41c9-9048-1a793ba2c8e8,f876cec3-0803-40a9-8307-78fd72b47f4b,81ed874b-f763-4143-aa36-602ad6628068,705946ad-83d7-4009-8ba5-9d584448f246,Physical,6/26/2021 15:44,Refund,Credit card,2.763369164,0,On-time,FALSE
4fce22ba-d23c-4c73-8d7e-0f084a2551c9,b6fadde2-cc90-4a19-9167-6f94e59f1d86,29916751-cbd0-4e99-8f63-aafb413299c6,53ea5fbf-1647-4f33-8262-ec2ba46b6b6f,22b5163e-1e78-47a3-bdeb-90d97d5cfa64,Digital,6/26/2021 2:20,Purchase,Debit,18.373092918,0,Delayed,TRUE
8d9b9618-390a-4ac6-8507-a5d07f047575,beecf646-5059-4a1e-9a89-09c4d7c885aa,5cd0d2e0-c1fb-4598-831e-8db9072eca22,53ea5fbf-1647-4f33-8262-ec2ba46b6b6f,2abe9d30-1f49-45c4-b9e3-9b94f1b33143,Digital,6/26/2021 4:02,Refund,Debit,36.763151241,9.301165213,Delayed,TRUE
fe1b4553-3240-4ee2-b05f-001202cd20a7,981f4e82-00c1-484d-bfcc-b3c41bd07583,2fe8d37e-34e0-464f-aec2-9e9ade07b93b,2d20179a-5c8a-4e3d-a71a-6da74136ca29,705946ad-83d7-4009-8ba5-9d584448f246,Physical,6/26/2021 7:51,Purchase,Cash,8.256713426,0,Delayed,FALSE
95c8bc95-6dc7-4afc-b69c-b844d4e89676,0424b67a-1aa1-4cb2-b5c2-d800d8a22d61,f37b4a58-1ca2-49ac-ada6-33c8db181b6e,de5406a1-3c1a-4402-b33b-b127bd00b94b,705946ad-83d7-4009-8ba5-9d584448f246,Digital,6/26/2021 9:14,Purchase,Mobile/digital/cashless,11.868980553,0,On-time,TRUE
be277ffe-b600-438a-a2e3-79877d33782a,cd6c0fd6-6808-424b-be75-d1f68fdd17f6,2df465be-3787-47d0-bc8c-daa3422b4c5f,6a0b72b1-7de4-4058-8799-02d68fe315c3,b1211fbc-fea3-4d61-b2fb-3965014a70bb,Digital,6/27/2021 13:18,Purchase,Credit card,12.247039719,0,Delayed,FALSE
ebe6c0a4-3bd8-472a-b1b4-5cdd7d994348,bbdb10e6-218a-47ea-9dfc-89116cd9358a,ccf1bd33-e1a3-4f14-b603-541993bb3d49,61013c35-7226-41bf-8c06-f60490a60de2,03d6a07a-6c02-4f9a-911b-91f065253518,Physical,6/27/2021 14:46,Purchase,Debit,19.971632492,0,Delayed,TRUE
cd7a4957-633a-45cd-a5ed-1b1ef5e719b0,9b64841e-3493-4bab-a657-236a3e0e21f9,7362cf78-fc14-4107-873d-a20917435e13,b07213f3-e39f-4a6e-a94b-55e407f30491,bee5ad7a-5d17-4635-a720-563266fafd85,Digital,6/27/2021 15:24,Refund,Cash,5.938879077,0,On-time,TRUE
2c223f04-afc7-4e1d-8b00-20bf8c97cba2,2639f6a7-faa2-4563-8fd4-55ce9de3346c,435726c4-0295-4a74-ad0e-e867ee0b2286,33228d36-309b-4f86-b3e6-41717a6849d0,d323210d-5187-444f-83aa-4ee0c6da6029,Digital,6/27/2021 15:34,Return,Mobile/digital/cashless,30.55856329,0,Delayed,TRUE
8e662277-bbf7-4588-a8ed-9e3f5e250565,0424b67a-1aa1-4cb2-b5c2-d800d8a22d61,65262311-2cf2-4fe6-822d-49824ca4b896,cad3a090-91aa-4c30-819e-9f5ce5e657c0,baa6cdde-e13b-4284-b9ed-c1e37a4eabb3,Digital,6/27/2021 21:44,Purchase,Credit card,42.002828528,0,Delayed,FALSE
5e1f8fef-3015-4615-9bb0-b9669856f3d3,552c8115-ebf0-4a34-9be1-0733794da1e3,2ca4a7ea-fcf9-4294-abde-f732557d1553,15eafaea-d066-4914-9712-f95eccba3b9b,b1211fbc-fea3-4d61-b2fb-3965014a70bb,Physical,6/27/2021 5:39,Purchase,Credit card,7.935209461,0,Delayed,TRUE
18758ff7-c04e-45ce-be7c-c2f53e341bef,cd6c0fd6-6808-424b-be75-d1f68fdd17f6,7c1a801a-19b0-4ea1-9ba5-a10560fc51d9,a360fbbd-0487-48d9-bce9-d26dd784bdf9,b1211fbc-fea3-4d61-b2fb-3965014a70bb,Physical,6/27/2021 9:03,Purchase,Cash,10.977844685,0,On-time,FALSE
4544d055-7511-4d27-841e-d5e44f2fe88e,a39c015d-0d54-4daa-bae0-56774a753c06,676f0df9-7fb4-48d8-99a9-90baf2e08033,b07213f3-e39f-4a6e-a94b-55e407f30491,705946ad-83d7-4009-8ba5-9d584448f246,Digital,6/28/2021 13:29,Purchase,Cash,7.304683879,0,Delayed,FALSE
5ebcad4f-005e-406d-a4df-0fb02e08d7c8,cb988669-e2d8-48ff-bbe5-a60773e6a7f5,ae41676e-f486-436d-a26c-d0f58e68423a,230a4227-989f-48c9-b26a-fc8bdc31fd3f,b1211fbc-fea3-4d61-b2fb-3965014a70bb,Physical,6/28/2021 16:17,Exchange,Credit card,23.158292176,0,On-time,FALSE
4716e974-e953-422a-9d3b-83b0e7effd98,28c6dcf6-8cf0-4910-9193-e7307d11c089,b0fb3e20-9e20-49e0-978e-56909a4f2ec9,e1c18697-fbfc-4851-957c-2f49953f781d,d323210d-5187-444f-83aa-4ee0c6da6029,Digital,6/28/2021 17:39,Purchase,Cash,9.359861333,0,Delayed,TRUE
a7f8d090-62b3-4209-83c2-2dbff8477262,9583d68a-6333-49de-b7a5-f598146a62a2,4e947e56-6d6a-4867-9631-48e2b92f3d85,a0d728bf-47c0-4ee7-a8e7-f8a50620765c,22b5163e-1e78-47a3-bdeb-90d97d5cfa64,Physical,6/28/2021 1:11,Purchase,Mobile/digital/cashless,4.042769552,0,On-time,FALSE
3d93c627-1e83-4476-9400-bb3ce3d3fd44,28c6dcf6-8cf0-4910-9193-e7307d11c089,b0fb3e20-9e20-49e0-978e-56909a4f2ec9,133cabbc-7982-4ddd-be15-3953a70ed670,d323210d-5187-444f-83aa-4ee0c6da6029,Digital,6/28/2021 21:18,Return,Credit card,10.136802658,0,On-time,TRUE
f1efd7aa-39cd-4c10-bc88-87adf8dc4aad,0fec12ff-a673-47e4-b50c-fe773062dce3,9befc7c6-55aa-4ab1-8708-7432aa82bd9f,e9adcb1e-fc0e-45ad-8470-6f67a7090cdc,257f92dc-66fc-4c77-936b-a695055bc0fb,Physical,6/28/2021 22:17,Refund,Credit card,31.763478137,0,On-time,TRUE
0df77390-6d1b-4a13-a8ae-fb814760986c,c357c4bf-d4a9-4414-ba52-86137e8170c8,1a26e09e-f2c5-4533-bcaf-4bdadb055731,fab468d7-e141-46d6-a766-87a7cfce2b5e,d323210d-5187-444f-83aa-4ee0c6da6029,Physical,6/28/2021 22:29,Purchase,Debit,16.340475114,1.003652521,Delayed,TRUE
7e418d32-bd53-45da-b24f-77837779a180,cb988669-e2d8-48ff-bbe5-a60773e6a7f5,d0b6b367-231e-4a08-bf0d-bdec06863eab,2d20179a-5c8a-4e3d-a71a-6da74136ca29,b1211fbc-fea3-4d61-b2fb-3965014a70bb,Digital,6/28/2021 8:42,Purchase,Cash,13.002742691,0,On-time,FALSE
4e5e2003-f483-4067-9629-7b471cff3390,a059152d-db29-46c6-b65a-25b5823ee83b,200878b3-3d9c-4266-9d65-15776be617b6,6a0b72b1-7de4-4058-8799-02d68fe315c3,baa6cdde-e13b-4284-b9ed-c1e37a4eabb3,Physical,6/29/2021 1:44,Purchase,Cash,9.688880844,0.806307572,On-time,TRUE
f1cef658-017d-4ff4-86d3-abda33c17c89,cb988669-e2d8-48ff-bbe5-a60773e6a7f5,0013d170-ff92-44d0-9f5f-12acf8f2f455,30a00332-31cb-4524-a89a-13e415000adc,b1211fbc-fea3-4d61-b2fb-3965014a70bb,Physical,6/29/2021 20:23,Purchase,Debit,43.220062447,0,On-time,TRUE
453e595f-dc28-4d21-96fd-c13dff392d1e,a39c015d-0d54-4daa-bae0-56774a753c06,676f0df9-7fb4-48d8-99a9-90baf2e08033,d5667f01-46a5-43ff-9668-7f5dba1142cc,705946ad-83d7-4009-8ba5-9d584448f246,Digital,6/29/2021 20:25,Purchase,Debit,43.069859887,0,On-time,TRUE
4022442d-5fad-4916-bbf8-4c3e5433f2dc,f586b45c-cc91-4ccc-9130-5ccf186ba501,1ee1aa23-27fb-4ef1-b4b6-eea3549bf5dc,30a00332-31cb-4524-a89a-13e415000adc,22b5163e-1e78-47a3-bdeb-90d97d5cfa64,Digital,6/29/2021 2:46,Purchase,Cash,22.529542416,1.756325107,Delayed,TRUE
7ba86b47-df33-4c74-b2a1-5a5f51283be7,846ac517-2a0d-4af6-98bd-d9674a9970dd,5e44f683-a776-48cc-bbd7-0063b49d6413,e4cf7f61-c02b-432b-8f17-9205ff89cb06,bee5ad7a-5d17-4635-a720-563266fafd85,Physical,6/29/2021 5:35,Purchase,Mobile/digital/cashless,11.589270814,0,On-time,FALSE
44b03603-57cd-436e-b65d-f6e32c2d9f97,cb988669-e2d8-48ff-bbe5-a60773e6a7f5,ae41676e-f486-436d-a26c-d0f58e68423a,15eafaea-d066-4914-9712-f95eccba3b9b,bee5ad7a-5d17-4635-a720-563266fafd85,Physical,6/29/2021 8:28,Purchase,Debit,36.211572646,0,Delayed,TRUE
bfe7455e-5253-46c2-93ea-f8844d02a652,cc150d14-7afc-4c59-895a-e3e9e93b07f0,74fa48fe-bd5f-4d57-bba3-5456fa23a92e,51716622-e7ff-44f2-b388-9cee6719eb66,bee5ad7a-5d17-4635-a720-563266fafd85,Digital,6/29/2021 9:53,Purchase,Debit,11.705596915,0,Delayed,TRUE
002e29af-cf06-47cb-93b8-018874260aa8,a39c015d-0d54-4daa-bae0-56774a753c06,c37f778b-151d-4d88-a7a1-d544d6c43019,de5406a1-3c1a-4402-b33b-b127bd00b94b,705946ad-83d7-4009-8ba5-9d584448f246,Digital,6/3/2021 0:35,Purchase,Credit card,18.888932864,0,On-time,FALSE
884c1535-be9a-4dee-b715-2b8a5b80bb82,eedf4d89-56a0-41c9-9048-1a793ba2c8e8,f876cec3-0803-40a9-8307-78fd72b47f4b,df6065fa-3937-4b23-b06d-49d60ed7a2cc,705946ad-83d7-4009-8ba5-9d584448f246,Digital,6/3/2021 11:24,Purchase,Debit,3.014238061,0,Delayed,FALSE
c9968a6f-6946-4c41-9d8a-e9f50f148bfb,28c6dcf6-8cf0-4910-9193-e7307d11c089,b0fb3e20-9e20-49e0-978e-56909a4f2ec9,d9bab339-e174-461d-a2ad-10591a2101b8,d323210d-5187-444f-83aa-4ee0c6da6029,Physical,6/3/2021 17:57,Refund,Debit,12.481910716,0,On-time,TRUE
1b59efc6-bf18-45fb-8662-25b067eb6327,ad6522ab-f3ec-4a65-9584-7fe13f8dc4da,7d38fb91-73f8-4ee4-ac96-b1556349c8d6,e1c18697-fbfc-4851-957c-2f49953f781d,d323210d-5187-444f-83aa-4ee0c6da6029,Digital,6/3/2021 19:15,Purchase,Credit card,3.294504908,0,Delayed,FALSE
c8ec93a0-d9c0-408f-be51-98f0f48c13f8,9b64841e-3493-4bab-a657-236a3e0e21f9,7362cf78-fc14-4107-873d-a20917435e13,6a0b72b1-7de4-4058-8799-02d68fe315c3,22b5163e-1e78-47a3-bdeb-90d97d5cfa64,Physical,6/3/2021 23:41,Purchase,Debit,24.621441909,0,On-time,TRUE
db019544-0d02-470f-a327-66bdcb4ceed1,eedf4d89-56a0-41c9-9048-1a793ba2c8e8,f876cec3-0803-40a9-8307-78fd72b47f4b,ac52cb17-f012-4822-8d51-e9731ef596a4,705946ad-83d7-4009-8ba5-9d584448f246,Digital,6/3/2021 2:41,Refund,Credit card,37.019710707,0,On-time,FALSE
a2283fa8-63b7-46c9-8cd4-468a49329c32,738f4844-0c52-43d3-b98a-c979bac64622,3ce3c2ae-6c78-471b-aafd-223bab54ca03,3af44dca-decb-4691-9c8f-ce3f1bedd38b,bd76c01e-b70e-4304-84a8-b733a1f8e5e3,Digital,6/4/2021 0:18,Purchase,Cash,23.169346445,0,On-time,TRUE
15f28da5-0df6-4634-9150-fd178d934c03,eedf4d89-56a0-41c9-9048-1a793ba2c8e8,f876cec3-0803-40a9-8307-78fd72b47f4b,a9bf3b52-c1e9-43c7-8804-002d86e2f1f9,705946ad-83d7-4009-8ba5-9d584448f246,Physical,6/4/2021 0:58,Purchase,Cash,11.629689782,0,On-time,FALSE
2b3cc693-f451-46f4-8940-d81e2d73cd24,beecf646-5059-4a1e-9a89-09c4d7c885aa,0013f041-6c39-4766-867f-ce7ca60a19b3,6c48fd82-c59a-4f5e-a3b2-11ed13137f4a,2abe9d30-1f49-45c4-b9e3-9b94f1b33143,Digital,6/4/2021 13:38,Purchase,Cash,41.573262776,0,On-time,TRUE
c6086340-313b-47f0-be13-de3afd0b845e,c357c4bf-d4a9-4414-ba52-86137e8170c8,1a26e09e-f2c5-4533-bcaf-4bdadb055731,a0d728bf-47c0-4ee7-a8e7-f8a50620765c,d323210d-5187-444f-83aa-4ee0c6da6029,Digital,6/4/2021 17:24,Purchase,Mobile/digital/cashless,22.336942137,0,Delayed,TRUE
2363527b-a462-4804-805e-a8978d470f27,cb988669-e2d8-48ff-bbe5-a60773e6a7f5,0013d170-ff92-44d0-9f5f-12acf8f2f455,e1c18697-fbfc-4851-957c-2f49953f781d,b1211fbc-fea3-4d61-b2fb-3965014a70bb,Physical,6/4/2021 1:13,Purchase,Credit card,40.58700282,3.388499329,Delayed,TRUE
78d9f290-816f-4560-b8ee-c95241782b86,b6fadde2-cc90-4a19-9167-6f94e59f1d86,29916751-cbd0-4e99-8f63-aafb413299c6,81ed874b-f763-4143-aa36-602ad6628068,22b5163e-1e78-47a3-bdeb-90d97d5cfa64,Digital,6/4/2021 20:27,Refund,Debit,42.024404166,2.420260556,Delayed,FALSE
e0019dbe-29ee-4938-bf70-42d97a5c131b,c357c4bf-d4a9-4414-ba52-86137e8170c8,ec668090-88cb-45b9-b4a7-c6e4f698ab18,217d17ca-a715-4937-b96c-471c8412caab,ed029d40-8784-406f-9d6d-0f550997f6a3,Physical,6/4/2021 23:14,Purchase,Mobile/digital/cashless,8.292740231,0,On-time,FALSE
3cd0349d-31e3-41f1-ba66-850343323e21,9583d68a-6333-49de-b7a5-f598146a62a2,f0f9954f-8059-4dd0-8084-7a402ae19677,fa5799a6-4792-4ae1-8299-7d992fed13ce,22b5163e-1e78-47a3-bdeb-90d97d5cfa64,Digital,6/4/2021 4:15,Purchase,Mobile/digital/cashless,43.313444211,0,On-time,TRUE
86448e3a-bd63-4739-9536-1e7ba1ff5949,552c8115-ebf0-4a34-9be1-0733794da1e3,772b31d7-db7f-4600-866a-0e43fd4f4645,fab468d7-e141-46d6-a766-87a7cfce2b5e,d323210d-5187-444f-83aa-4ee0c6da6029,Digital,6/5/2021 17:39,Purchase,Cash,34.181726998,0,On-time,TRUE
feb3f608-f84a-4399-a425-9b99ff1749bc,9583d68a-6333-49de-b7a5-f598146a62a2,f0f9954f-8059-4dd0-8084-7a402ae19677,15eafaea-d066-4914-9712-f95eccba3b9b,22b5163e-1e78-47a3-bdeb-90d97d5cfa64,Physical,6/5/2021 1:57,Purchase,Cash,10.562835259,0,Delayed,FALSE
8ac969e9-7973-42ba-96aa-412ba2185300,cb988669-e2d8-48ff-bbe5-a60773e6a7f5,d0b6b367-231e-4a08-bf0d-bdec06863eab,1aa5db0d-fefe-43b8-ba79-281433c4efe3,1d33fb9e-992f-4abf-9f23-067d34f1a3f0,Digital,6/5/2021 21:05,Return,Debit,12.400279535,0,On-time,TRUE
dda8b10d-fa86-4551-b8f4-2a8108eb877b,beecf646-5059-4a1e-9a89-09c4d7c885aa,0013f041-6c39-4766-867f-ce7ca60a19b3,15eafaea-d066-4914-9712-f95eccba3b9b,2abe9d30-1f49-45c4-b9e3-9b94f1b33143,Digital,6/5/2021 22:30,Purchase,Cash,3.745361982,0,Delayed,TRUE
365aac98-1917-454f-bed5-af29eb62cbd4,5c34469e-b3de-4490-84bb-1034083203b5,afe8d70d-f12a-4ac4-a917-b99a68c0893a,3842d9c1-11fa-4d28-8b34-d67d983bd503,ed029d40-8784-406f-9d6d-0f550997f6a3,Physical,6/5/2021 4:32,Exchange,Mobile/digital/cashless,40.83360685,0,On-time,TRUE
972648fd-a829-42ce-a970-07563af374ed,738f4844-0c52-43d3-b98a-c979bac64622,21de93e9-c15b-496f-9c52-37fc023e3a19,3af44dca-decb-4691-9c8f-ce3f1bedd38b,bd76c01e-b70e-4304-84a8-b733a1f8e5e3,Physical,6/5/2021 5:54,Purchase,Debit,37.390121696,0,On-time,FALSE
bc9c6ffb-6fe2-41fe-bd0f-c0b3ce8e8a48,993484ac-e63e-4e08-ad45-3649ce013673,0ef7baac-9da8-42bc-9c61-fb0164c76392,6ed35ecf-3e54-44f3-9b19-bb20ff52b8c8,b1211fbc-fea3-4d61-b2fb-3965014a70bb,Physical,6/5/2021 7:12,Purchase,Credit card,11.230905879,0.43567382,On-time,TRUE
8550622b-596c-4656-a3fc-528b1031c30d,cd6c0fd6-6808-424b-be75-d1f68fdd17f6,e554438a-0d9a-4bc0-a21e-73f61ff6d026,9dc9d36e-5b57-49ff-8c43-067a4fb6ac43,b1211fbc-fea3-4d61-b2fb-3965014a70bb,Digital,6/5/2021 7:30,Purchase,Mobile/digital/cashless,10.273207937,0,On-time,FALSE
7ece1cc1-f936-4c99-aab4-b2ce6fbba841,3e078aba-efe6-40e2-967b-743c1e19203c,b7f490e3-7045-450d-84f1-e90b96bd0f41,0de52113-9821-4c84-a565-c310299b3683,2abe9d30-1f49-45c4-b9e3-9b94f1b33143,Physical,6/5/2021 7:43,Return,Mobile/digital/cashless,26.419606068,0,Delayed,TRUE
86b97fa5-fe33-4664-94b5-5e5137b481dd,38b0fdb5-dfb4-4e20-bb16-7aa9159e4b09,b064777d-a624-468a-933d-bd3e1b7f97b6,0df65236-4a75-45e0-aa67-95a4f67351b1,bee5ad7a-5d17-4635-a720-563266fafd85,Digital,6/6/2021 12:16,Purchase,Mobile/digital/cashless,37.186033282,0,On-time,FALSE
de0ff90b-338b-4d9d-a733-2f7a30bdcbc0,745e0710-5ec6-4c08-a4e0-1e33df4312e3,cf273cb4-5daa-49de-adb4-2505e1793061,51716622-e7ff-44f2-b388-9cee6719eb66,257f92dc-66fc-4c77-936b-a695055bc0fb,Physical,6/6/2021 21:22,Purchase,Credit card,7.110129238,1.562468545,On-time,FALSE
0836807f-b473-4462-9d4d-b2d4bffd83d7,ad6522ab-f3ec-4a65-9584-7fe13f8dc4da,7d38fb91-73f8-4ee4-ac96-b1556349c8d6,994ec80e-1248-4fc4-af6f-f8f287353caa,d323210d-5187-444f-83aa-4ee0c6da6029,Physical,6/6/2021 22:23,Exchange,Credit card,4.117233549,0,Delayed,TRUE
0d8d410b-fc6f-489c-b851-57300d8704d5,2639f6a7-faa2-4563-8fd4-55ce9de3346c,435726c4-0295-4a74-ad0e-e867ee0b2286,8b7f4bf7-93cd-4318-883c-cf533ad43740,ed029d40-8784-406f-9d6d-0f550997f6a3,Digital,6/6/2021 23:36,Purchase,Debit,16.094948484,0,Delayed,FALSE
01538526-314f-423c-8536-89018d0b5055,eedf4d89-56a0-41c9-9048-1a793ba2c8e8,f876cec3-0803-40a9-8307-78fd72b47f4b,0df65236-4a75-45e0-aa67-95a4f67351b1,baa6cdde-e13b-4284-b9ed-c1e37a4eabb3,Physical,6/6/2021 4:58,Purchase,Credit card,22.170724017,0,Delayed,FALSE
caace2ac-7f90-4357-ac28-cf2321360bed,28c6dcf6-8cf0-4910-9193-e7307d11c089,b0fb3e20-9e20-49e0-978e-56909a4f2ec9,a9bf3b52-c1e9-43c7-8804-002d86e2f1f9,d323210d-5187-444f-83aa-4ee0c6da6029,Digital,6/6/2021 8:12,Exchange,Cash,6.80862611,0,On-time,TRUE
b5607109-a52c-4310-80dc-cb1fc0fbc145,9b64841e-3493-4bab-a657-236a3e0e21f9,7362cf78-fc14-4107-873d-a20917435e13,133cabbc-7982-4ddd-be15-3953a70ed670,22b5163e-1e78-47a3-bdeb-90d97d5cfa64,Digital,6/7/2021 15:26,Purchase,Mobile/digital/cashless,14.520066251,3.867020714,On-time,TRUE
6a959177-03b6-46f8-92eb-9814750abd3b,a059152d-db29-46c6-b65a-25b5823ee83b,822c6218-bc2b-4b30-bf8e-64e18fc36e7f,9dc9d36e-5b57-49ff-8c43-067a4fb6ac43,baa6cdde-e13b-4284-b9ed-c1e37a4eabb3,Physical,6/7/2021 18:50,Purchase,Cash,35.356708165,0,On-time,TRUE
1739caa4-b7ea-4fed-a9e1-79f181ed246a,bde0d704-b3fe-48b0-8ace-a661147d8216,8c30b701-a15e-48d1-b8c9-fd0d86e06d2b,d5667f01-46a5-43ff-9668-7f5dba1142cc,257f92dc-66fc-4c77-936b-a695055bc0fb,Physical,6/7/2021 19:34,Exchange,Cash,24.58318019,4.337335872,Delayed,TRUE
933c6796-5e95-4e99-9ccd-9c9c4828efbd,38b0fdb5-dfb4-4e20-bb16-7aa9159e4b09,b3446ee0-bcb1-4504-9a2e-2d9bbcbb0a57,a360fbbd-0487-48d9-bce9-d26dd784bdf9,bee5ad7a-5d17-4635-a720-563266fafd85,Digital,6/7/2021 19:56,Purchase,Cash,19.603881955,0,On-time,FALSE
6da2b556-824b-4dea-9daf-fabbef5dde5c,b6fadde2-cc90-4a19-9167-6f94e59f1d86,29916751-cbd0-4e99-8f63-aafb413299c6,a360fbbd-0487-48d9-bce9-d26dd784bdf9,22b5163e-1e78-47a3-bdeb-90d97d5cfa64,Physical,6/7/2021 21:18,Purchase,Debit,31.42730395,4.234145884,On-time,TRUE
f05913a2-581f-4ff7-ad7e-1fb777dc12c4,eedf4d89-56a0-41c9-9048-1a793ba2c8e8,f876cec3-0803-40a9-8307-78fd72b47f4b,217d17ca-a715-4937-b96c-471c8412caab,705946ad-83d7-4009-8ba5-9d584448f246,Physical,6/7/2021 2:14,Purchase,Credit card,39.448982832,6.1202276,Delayed,FALSE
506e9893-8e8c-4cbe-9eac-f1ba924de072,3e078aba-efe6-40e2-967b-743c1e19203c,b7f490e3-7045-450d-84f1-e90b96bd0f41,4d2f7502-b1cf-49a5-93b6-9080d69acd4c,2abe9d30-1f49-45c4-b9e3-9b94f1b33143,Digital,6/7/2021 2:52,Exchange,Credit card,16.03133816,0,Delayed,TRUE
842a06f6-e7ba-488e-acce-9c64f06ca57a,cd6c0fd6-6808-424b-be75-d1f68fdd17f6,e554438a-0d9a-4bc0-a21e-73f61ff6d026,15ba6a90-64b5-489d-86ee-bcbfc6bdfefe,705946ad-83d7-4009-8ba5-9d584448f246,Digital,6/8/2021 0:49,Return,Credit card,43.536455223,12.463341009,On-time,FALSE
1b313261-64ca-4ffe-830b-cd0949af77d0,cc150d14-7afc-4c59-895a-e3e9e93b07f0,4031dfd9-2487-4a9a-a18c-8bedcac35802,fab468d7-e141-46d6-a766-87a7cfce2b5e,bee5ad7a-5d17-4635-a720-563266fafd85,Physical,6/8/2021 16:48,Purchase,Mobile/digital/cashless,7.361568336,0,On-time,TRUE
d43a2f6f-c130-4ded-ade9-db9c36a73363,b2260359-a849-4b9d-82b9-aabe8f53b036,31ea5bf7-e71b-4e17-b366-336ce9804267,81ed874b-f763-4143-aa36-602ad6628068,b1211fbc-fea3-4d61-b2fb-3965014a70bb,Physical,6/8/2021 17:27,Refund,Cash,33.957583717,8.978464459,On-time,TRUE
ac7c48f7-be53-4d5a-a48d-aa6580eed5e8,a39c015d-0d54-4daa-bae0-56774a753c06,676f0df9-7fb4-48d8-99a9-90baf2e08033,927cff9a-f46e-40dd-a277-d0bb9e5e982a,705946ad-83d7-4009-8ba5-9d584448f246,Physical,6/8/2021 19:50,Purchase,Mobile/digital/cashless,29.190872403,2.938061032,On-time,TRUE
2c69d764-6550-4e65-869b-7e78441d5680,5c34469e-b3de-4490-84bb-1034083203b5,3a4f0f61-0b9d-48b0-9fcf-77b47505a5d9,faf5777d-22fe-436b-863b-7977e35abc49,03d6a07a-6c02-4f9a-911b-91f065253518,Physical,6/8/2021 20:16,Purchase,Credit card,15.409916503,0,On-time,TRUE
9cbefa43-8c15-45b8-9a01-2a0ae7c22da7,beecf646-5059-4a1e-9a89-09c4d7c885aa,0013f041-6c39-4766-867f-ce7ca60a19b3,aef7b627-5009-4e54-bc3e-fd6fad155a24,22b5163e-1e78-47a3-bdeb-90d97d5cfa64,Digital,6/9/2021 20:23,Purchase,Mobile/digital/cashless,20.414171331,5.739896994,Delayed,TRUE
28851005-e253-4bf2-85ca-9c4bcf820d89,28c6dcf6-8cf0-4910-9193-e7307d11c089,b0fb3e20-9e20-49e0-978e-56909a4f2ec9,6a0b72b1-7de4-4058-8799-02d68fe315c3,bee5ad7a-5d17-4635-a720-563266fafd85,Digital,6/9/2021 3:47,Purchase,Debit,17.065422122,0,On-time,FALSE
31d126e1-bed5-42eb-95f2-1351e05b7f07,38b0fdb5-dfb4-4e20-bb16-7aa9159e4b09,b064777d-a624-468a-933d-bd3e1b7f97b6,1435e4b7-153b-4234-a1ef-4bd849ef2f50,bee5ad7a-5d17-4635-a720-563266fafd85,Physical,6/9/2021 5:58,Purchase,Credit card,17.090228118,4.984035501,On-time,FALSE
d06306d8-1913-4565-b2af-eb5ff21e1337,b9ffa96f-1c70-4f91-94ea-046879d0ea3f,7df12961-ae6e-4d23-a3c4-d47da65a1417,3af44dca-decb-4691-9c8f-ce3f1bedd38b,b1211fbc-fea3-4d61-b2fb-3965014a70bb,Physical,6/9/2021 6:29,Exchange,Cash,20.468500626,0,On-time,TRUE
